47213,Fight Club,actor,"Foster, Jon"
47213,Fight Club,actress,"Elfman, Jenna"
47213,Fight Club,actress,"Jensen, Ashley"
47213,Fight Club,actress,"Parham, Lennon"
47213,Fight Club,cinematographer,"Kennan, Wayne"
47213,Fight Club,composer,"Swihart, John"
47213,Fight Club,editor,"Beyt, Peter D."
47213,Fight Club,producer,"Abbate, Andrea"
47213,Fight Club,producer,"Amodeo, John"
47213,Fight Club,producer,"Berman, Gail"
47213,Fight Club,producer,"Braun, Lloyd"
47213,Fight Club,producer,"Calandra, Vince"
47213,Fight Club,producer,"Dieffenbach, Mike"
47213,Fight Club,producer,"Greenburg, Cynthia"
47213,Fight Club,producer,"Holden, David"
47213,Fight Club,producer,"Kunstler, Bill"
47213,Fight Club,producer,"Lonow, Claudia"
47213,Fight Club,producer,"Mettler, Gregg"
47213,Fight Club,producer,"Stein, Gene"
47213,Fight Club,writer,"Kunstler, Bill"
634165,Fight Club,editor,"Olson, Dan"
634165,Fight Club,producer,"Ellis, Lindsay"
634165,Fight Club,producer,"Michaud, Michael"
634165,Fight Club,producer,"Olson, Dan"
634165,Fight Club,writer,"Olson, Dan"
638654,Fight Club,actor,"Diaz, Julien"
638654,Fight Club,editor,"Diaz, Julien"
638654,Fight Club,producer,"Diaz, Julien"
638654,Fight Club,producer,"Michaud, Michael"
638654,Fight Club,writer,"Diaz, Julien"
638659,Inception,actor,"Diaz, Julien"
638659,Inception,editor,"Diaz, Julien"
638659,Inception,producer,"Diaz, Julien"
638659,Inception,producer,"Michaud, Michael"
638659,Inception,writer,"Diaz, Julien"
748449,Inception,editor,"Jordan, Carl"
748449,Inception,producer,"Blond, Lisa"
748449,Inception,producer,"Brehm, Richard"
748449,Inception,producer,"Harrison, Tawny"
748449,Inception,producer,"Hillhouse, Jason"
748449,Inception,producer,"Jordan, Carl"
748449,Inception,producer,"Meadows, Michael"
748449,Inception,producer,"Patt, Emily"
748449,Inception,producer,"Pickens, Ryan"
748449,Inception,writer,"Brehm, Richard"
1435669,Fight Club,editor,"Thomas, Leon"
1435669,Fight Club,producer,"Michaud, Michael"
1435669,Fight Club,producer,"Thomas, Leon"
1435669,Fight Club,writer,"Thomas, Leon"
1924436,Fight Club,actor,"Duchovny, David"
1924436,Fight Club,actress,"Anderson, Gillian"
1924436,Fight Club,cinematographer,"Roe, Bill"
1924436,Fight Club,composer,"Snow, Mark"
1924436,Fight Club,editor,"MacDougall, Heather"
1924436,Fight Club,producer,"Amann, David"
1924436,Fight Club,producer,"Bring, Harry V."
1924436,Fight Club,producer,"Carter, Chris"
1924436,Fight Club,producer,"Gilligan, Vince"
1924436,Fight Club,producer,"Lamar, Gina"
1924436,Fight Club,producer,"MacLaren, Michelle"
1924436,Fight Club,producer,"Manners, Kim"
1924436,Fight Club,producer,"Rabwin, Paul"
1924436,Fight Club,producer,"Shiban, John"
1924436,Fight Club,producer,"Spotnitz, Frank"
1924436,Fight Club,writer,"Carter, Chris"
2032579,Fight Club,actor,"Lee, Won-jong"
2032579,Fight Club,actor,"Yeon, Jeong-hun"
2032579,Fight Club,actress,"Lee, Young Ah"
2032579,Fight Club,cinematographer,"Kim, Tae-sung"
2032579,Fight Club,producer,"Lee, Seung-Hoon"
2032579,Fight Club,writer,"Han, Jung-hoon"
2032579,Fight Club,writer,"Kang, Eun-sun"
2484566,Fight Club,actor,Meat Loaf
2484566,Fight Club,actor,"Norton, Edward"
2484566,Fight Club,actor,"Pitt, Brad"
2484566,Fight Club,actress,"Bonham Carter, Helena"
2484566,Fight Club,cinematographer,"Cronenweth, Jeff"
2484566,Fight Club,composer,Dust Brothers
2484566,Fight Club,composer,"King, John"
2484566,Fight Club,composer,"Simpson, Michael"
2484566,Fight Club,editor,"Haygood, James"
2484566,Fight Club,producer,"Bell, Ross Grayson"
2484566,Fight Club,producer,"Chaffin, Ce√°n"
2484566,Fight Club,producer,"Dorsey, John S."
2484566,Fight Club,producer,"Linson, Art"
2484566,Fight Club,producer,"Milchan, Arnon"
2484566,Fight Club,writer,"Palahniuk, Chuck"
2484566,Fight Club,writer,"Uhls, Jim"
2600052,Inception,actor,"DiCaprio, Leonardo"
2600052,Inception,actor,"Gordon-Levitt, Joseph"
2600052,Inception,actor,"Hardy, Tom"
2600052,Inception,actress,"Page, Ellen"
2600052,Inception,cinematographer,"Pfister, Wally"
2600052,Inception,composer,"Zimmer, Hans"
2600052,Inception,editor,"Smith, Lee"
2600052,Inception,producer,"Alaoui, Zakaria"
2600052,Inception,producer,"Bernard, John"
2600052,Inception,producer,"Brigham, Chris"
2600052,Inception,producer,"Goldberg, Jordan"
2600052,Inception,producer,"Hayslip, Thomas"
2600052,Inception,producer,"Nolan, Christopher"
2600052,Inception,producer,"Sakura, Kanjiro"
2600052,Inception,producer,"Taki, Yoshikuni"
2600052,Inception,producer,"Thomas, Emma"
2600052,Inception,producer,"Tull, Thomas"
2600052,Inception,writer,"Nolan, Christopher"
3103770,The Matrix,actor,"Fishburne, Laurence"
3103770,The Matrix,actor,"Reeves, Keanu"
3103770,The Matrix,actor,"Weaving, Hugo"
3103770,The Matrix,actress,"Moss, Carrie-Anne"
3103770,The Matrix,cinematographer,"Pope, Bill"
3103770,The Matrix,composer,"Davis, Don"
3103770,The Matrix,editor,"Staenberg, Zach"
3103770,The Matrix,producer,"Berman, Bruce"
3103770,The Matrix,producer,"Cracchiolo, Dan"
3103770,The Matrix,producer,"Hughes, Carol"
3103770,The Matrix,producer,"Mason, Andrew"
3103770,The Matrix,producer,"Mirisch, Richard"
3103770,The Matrix,producer,"Osborne, Barrie M."
3103770,The Matrix,producer,"Silver, Joel"
3103770,The Matrix,producer,"Stoff, Erwin"
3103770,The Matrix,producer,"Wachowski, Andy"
3103770,The Matrix,producer,"Wachowski, Lana"
3103770,The Matrix,writer,"Wachowski, Andy"
3103770,The Matrix,writer,"Wachowski, Lana"
