"title","budget","genre","mpaa","runtimes","rating","gross"
"12 Years a Slave","20000000","11","4","134","8.1","56671993"
"127 Hours","18000000","13","4","94","7.6","18335230"
"13 Going on 30","37000000","5","3","98","6.1","57231747"
"1408","25000000","2","3","104","6.8","71985628"
"1492: Conquest of Paradise","40000000","13","3","154","6.5","7191399"
"1776","4000000","4","2","142","7.6","6104000"
"2 Guns","61000000","20","4","109","6.8","75612460"
"2016: Obama's America","2500000","1","2","87","5.1","33449086"
"21 & Over","13000000","5","4","93","5.9","25682380"
"21","35000000","11","3","123","6.8","81159365"
"22 Jump Street","50000000","20","4","112","7.1","191719337"
"28 Days Later...","8000000","2","4","113","7.6","45064915"
"3 Ninjas","6500000","20","2","84","5.1","29000301"
"3 Ninjas Kick Back","20000000","20","2","93","4.2","11784000"
"300: Rise of an Empire","110000000","20","4","102","6.3","106580051"
"3:10 to Yuma","55000000","13","4","122","7.8","53606916"
"40 Days and 40 Nights","17000000","5","4","96","5.6","37950822"
"47 Ronin","175000000","20","3","118","6.3","38362475"
"4: Rise of the Silver Surfer","130000000","20","2","92","5.6","131921738"
"50 First Dates","75000000","5","3","99","6.8","120908074"
"8 Seconds","7000000","11","3","105","6.4","19604000"
"8MM","40000000","14","4","123","6.5","36663315"
"A Beautiful Mind","60000000","11","3","135","8.2","170742341"
"A Better Life","10000000","4","3","98","7.2","1759252"
"A Bronx Tale","22000000","14","4","121","7.8","17266971"
"A Christmas Carol","200000000","19","2","96","6.8","137855863"
"A Few Good Men","40000000","4","4","138","7.6","141340178"
"A Good Day to Die Hard","92000000","20","4","98","5.3","67349198"
"A Good Man in Africa","20000000","5","4","94","5.0","2308390"
"A Haunted House","2000000","5","4","86","5.0","40041683"
"A Haunted House 2","3500000","5","4","86","4.7","17329486"
"A Home of Our Own","12000000","11","2","104","7.0","1703282"
"A Knight's Tale","65000000","20","3","132","6.9","56569702"
"A League of Their Own","40000000","5","2","128","7.2","107533928"
"A Low Down Dirty Shame","10000000","20","4","100","5.7","29392418"
"A Midnight Clear","5000000","4","4","108","7.2","1526697"
"A Nightmare on Elm Street","27000000","2","4","95","5.2","63075011"
"A Perfect Murder","60000000","14","4","107","6.5","67638368"
"A Perfect World","30000000","14","3","138","7.5","31160784"
"A Prairie Home Companion","10000000","5","3","105","6.8","20342852"
"A Streetcar Named Desire","1800000","4","2","122","8.1","8000000"
"A Time to Kill","40000000","14","4","149","7.4","108766007"
"A Walk in the Clouds","20000000","4","3","102","6.6","50012507"
"Abandon","25000000","4","3","99","4.9","10727683"
"About a Boy","27000000","5","3","101","7.1","41385278"
"About Schmidt","30000000","5","4","125","7.2","65016287"
"Above the Rim","3500000","14","4","96","6.6","16036534"
"Abraham Lincoln: Vampire Hunter","69000000","20","4","105","6.0","37519139"
"Accepted","23000000","5","3","93","6.5","36323505"
"Ace Ventura: Pet Detective","12000000","5","3","86","6.9","72217000"
"Ace Ventura: When Nature Calls","30000000","13","3","90","6.3","108385533"
"Act of Valor","12000000","20","4","110","6.5","70012847"
"After Earth","130000000","20","3","100","5.0","60522097"
"Air Force One","85000000","20","4","124","6.4","172956409"
"Airborne","2600000","13","2","91","6.1","2850263"
"Albert Nobbs","8000000","4","4","113","6.7","3014696"
"Alex Cross","35000000","20","3","101","5.1","25888412"
"Alexander","155000000","20","4","175","5.5","342971912005"
"Alfie","60000000","5","4","103","6.2","13399812"
"Ali","107000000","11","4","165","6.7","58203105"
"Alien","11000000","2","4","117","8.5","809306302004"
"Alien: Resurrection","75000000","20","4","109","6.3","47795658"
"Aliens","18500000","20","4","137","8.4","85160248"
"Alien³","63000000","2","4","114","6.4","55473600"
"Alive","32000000","20","4","120","7.0","36733909"
"All the Pretty Horses","57000000","4","3","116","5.8","155403532001"
"Almost Famous","60000000","4","4","122","7.9","32534850"
"Alone in the Dark","20000000","20","4","96","2.3","5178569"
"Along Came a Spider","60000000","20","4","104","6.3","74078174"
"Along Came Polly","42000000","5","3","90","5.9","88097164"
"Alvin and the Chipmunks","60000000","19","2","92","5.3","217326974"
"Alvin and the Chipmunks: The Squeakquel","75000000","19","2","88","4.4","219614612"
"Amadeus","18000000","11","4","160","8.4","4087492002"
"American Beauty","15000000","4","4","122","8.4","130096601"
"American Gangster","100000000","11","4","176","7.8","130164645"
"American Heart","10000000","14","4","113","6.7","516081993"
"American Hustle","40000000","14","4","138","7.3","150117807"
"American Me","16000000","11","4","125","7.2","13086430"
"American Pie","11000000","5","4","95","7.0","102561004"
"American Pimp","650000","1","4","87","6.6","287724"
"American Reunion","50000000","5","4","113","6.8","57011521"
"American Wedding","55000000","5","4","96","6.3","104565114"
"Amour","8900000","4","3","125","7.8","6739492"
"An Alan Smithee Film: Burn Hollywood Burn","10000000","5","4","86","3.5","45779"
"An American Werewolf in Paris","22000000","5","4","105","5.1","26570463"
"An Awfully Big Adventure","4000000","5","4","112","6.0","258195"
"An Unfinished Life","30000000","4","3","108","7.0","8586392"
"Anaconda","45000000","13","3","89","4.6","65885767"
"Anacondas: The Hunt for the Blood Orchid","25000000","13","3","97","4.5","32238923"
"Analyze This","30000000","5","4","103","6.7","106885658"
"Anchorman 2: The Legend Continues","50000000","5","3","119","6.4","127352707"
"Anchorman: The Legend of Ron Burgundy","26000000","5","3","94","7.3","85288303"
"Angels in the Outfield","24000000","5","2","102","6.0","50236831"
"Anger Management","75000000","5","3","106","6.2","135645823"
"Anna and the King","75000000","4","3","148","6.7","39263420"
"Annabelle","6500000","2","4","99","5.5","84273813"
"Anonymous","30000000","4","3","130","6.9","4463292"
"Another You","17000000","5","4","94","5.2","2865916"
"Antz","60000000","13","2","83","6.6","90757863"
"Any Given Sunday","55000000","4","4","162","6.8","75530832"
"Apocalypse Now","31500000","4","4","153","8.5","787840101979"
"Apollo 13","62000000","13","2","140","7.6","173837933"
"April's Shower","1000000","5","4","100","4.9","16377"
"Are We There Yet?","32000000","13","2","95","4.5","82674398"
"Argo","44500000","4","4","120","7.8","136025503"
"Arizona Dream","19000000","5","4","142","7.4","106658"
"Army of Darkness","13000000","5","4","81","7.6","11502976"
"Arthur","40000000","5","3","110","5.8","33035397"
"Article 99","18000000","5","4","100","6.0","6375979"
"As Good as It Gets","50000000","5","3","139","7.8","148478011"
"Assassins","50000000","20","4","132","6.3","30306268"
"At First Sight","60000000","4","3","128","5.9","223596521999"
"At Play in the Fields of the Lord","36000000","4","4","189","6.7","1342903"
"Atlas Shrugged: Part I","4300000","4","3","97","5.8","4752353"
"Atonement","30000000","4","4","123","7.8","50927067"
"Austin Powers in Goldmember","63000000","20","3","94","6.2","213307889"
"Austin Powers: International Man of Mystery","17000000","5","3","94","7.0","53883989"
"Austin Powers: The Spy Who Shagged Me","33000000","20","3","95","6.6","206040086"
"Autumn in New York","40000000","4","3","103","5.4","377619152000"
"Avatar","237000000","20","3","162","7.9","760507625"
"AVP: Alien vs. Predator","60000000","20","3","101","5.6","80282231"
"Away We Go","17000000","5","4","98","7.1","9451946"
"Babel","25000000","4","4","143","7.5","34302837"
"Baby's Day Out","50000000","13","2","99","5.9","16671505"
"Bad Boys","19000000","20","4","118","6.8","65807024"
"Bad Boys II","130000000","20","4","147","6.5","138608444"
"Bad Company","70000000","20","3","125","5.6","30160161"
"Bad Lieutenant","1000000","14","5","91","7.1","2000022"
"Bad Moon","7000000","2","4","80","5.5","1055525"
"Bad News Bears","30000000","5","3","113","5.8","32868349"
"Barcelona","3200000","5","3","101","7.0","7266973"
"Barton Fink","9000000","4","4","116","7.7","6153939"
"Basic Instinct","49000000","4","4","128","6.9","117727000"
"Basic Instinct 2","70000000","4","4","114","4.2","5971336"
"Batman & Robin","125000000","20","3","125","3.6","107325195"
"Batman Forever","100000000","20","3","121","5.4","184031112"
"Batman Returns","80000000","20","3","126","7.0","162831698"
"Batman: Mask of the Phantasm","6000000","20","2","76","7.9","5617391"
"Bats","6500000","2","3","91","3.6","10155690"
"Battleship","209000000","20","3","131","5.9","65422625"
"Be Cool","53000000","5","3","118","5.6","56046979"
"Bean","22000000","5","3","89","6.3","45319423"
"Beastly","17000000","4","3","86","5.5","27865571"
"Beasts of the Southern Wild","1800000","4","3","93","7.3","12795746"
"Beautiful Creatures","60000000","4","3","124","6.2","19452138"
"Becket","3000000","11","3","148","8.0","91643701964"
"Becoming Jane","16500000","11","2","120","7.1","18670946"
"Bedazzled","48000000","5","3","93","5.9","378869802001"
"Bedtime Stories","80000000","5","2","99","6.1","110101975"
"Bee Movie","150000000","13","2","91","6.2","126631277"
"Beerfest","17500000","5","4","110","6.3","19185184"
"Beethoven's 2nd","15000000","5","2","89","4.7","53354166"
"Before and After","35000000","14","3","108","6.1","8797839"
"Before Sunrise","2500000","4","4","105","8.1","5535405"
"Being Human","30000000","5","3","122","5.3","1519366"
"Belle","10900000","4","2","104","7.4","10726630"
"Beloved","53000000","4","4","172","5.8","22852487"
"Better Luck Tomorrow","250000","14","4","101","7.2","3802390"
"Beverly Hills Chihuahua","20000000","13","2","91","3.7","94514402"
"Beverly Hills Cop III","55000000","20","4","104","5.5","42610000"
"Beyond Rangoon","23000000","20","4","100","6.6","5750110"
"Big Bully","15000000","5","2","90","4.5","4085000"
"Big Daddy","34200000","5","3","93","6.4","163479795"
"Big Jake","4800000","20","3","110","7.2","7500000"
"Big Momma's House","30000000","20","3","99","5.0","117559438"
"Big Momma's House 2","40000000","5","3","99","4.5","70165972"
"Billy Bathgate","48000000","20","4","106","5.9","15965919"
"Billy Elliot","5000000","5","3","110","7.7","21995263"
"Billy Madison","10000000","5","3","89","6.4","25588750"
"Bis ans Ende der Welt","23000000","20","4","280","6.9","752856"
"Bitter Moon","5000000","4","4","139","7.1","1862805"
"Black Hawk Down","92000000","4","4","144","7.7","108638745"
"Black Swan","13000000","4","4","108","8.0","106954678"
"Blade","45000000","20","4","120","7.1","70087718"
"Blade II","54000000","20","4","117","6.7","82348319"
"Blade Runner","28000000","8","4","117","8.2","37403301992"
"Blades of Glory","61000000","5","3","93","6.3","118594548"
"Blink","11000000","14","4","106","6.1","16696219"
"Blonde Ambition","10000000","5","3","93","3.8","6422"
"BloodRayne","25000000","20","4","92","2.8","2405420"
"Blow","30000000","11","4","124","7.6","52990775"
"Blue Hawaii","2000000","5","2","102","6.0","10440453"
"Blue in the Face","2000000","5","4","83","6.7","1275999"
"Blue Jasmine","18000000","4","3","98","7.3","33405481"
"Blue Valentine","1000000","4","5","112","7.4","9737892"
"Bobby","14000000","4","4","120","7.0","11242801"
"Bodies, Rest & Motion","2500000","4","4","95","5.6","764083"
"Body of Evidence","30000000","4","4","99","4.3","13275426"
"Body of Lies","70000000","20","4","128","7.1","39394666"
"Body Parts","10000000","2","4","88","5.4","9188150"
"Body Snatchers","13000000","2","4","87","5.9","428868"
"Bogus","30000000","5","2","110","5.2","4357000"
"Boiling Point","9000000","20","4","92","4.9","10058318"
"Bolt","150000000","13","2","96","7.0","114053579"
"Boogeyman","20000000","4","3","89","4.1","46752382"
"Boogie Nights","15000000","4","4","155","7.9","26400640"
"Book of Shadows: Blair Witch 2","15000000","2","4","90","4.0","26437094"
"Boomerang","40000000","5","4","117","5.4","70100000"
"Bopha!","12000000","4","3","120","6.5","212483"
"Bottle Rocket","7000000","5","4","91","7.1","1040879"
"Bound by Honor","35000000","20","4","180","7.9","4496583"
"Bowfinger","55000000","5","3","97","6.4","66384775"
"Boys on the Side","21000000","5","4","115","6.3","23450000"
"Boyz n the Hood","6000000","14","4","112","7.8","57504069"
"Braindead","3000000","5","4","104","7.6","242623"
"Brave","185000000","13","2","93","7.2","237283207"
"Brazil","15000000","8","4","94","8.0","9929135"
"Bride of Chucky","25000000","5","4","89","5.3","32383850"
"Bride Wars","30000000","5","2","89","5.4","58715510"
"Bridesmaids","32500000","5","4","131","6.8","169106725"
"Bridget Jones's Diary","26000000","5","4","97","6.7","71543427"
"Bridget Jones: The Edge of Reason","40000000","5","4","108","5.9","40226215"
"Brigham City","1000000","14","3","119","7.2","852206"
"Bringing Down the House","33000000","5","3","105","5.5","132716677"
"Bro'","5000000","20","4","89","3.5","12300000"
"Brokeback Mountain","14000000","4","4","134","7.7","83043761"
"Broken Arrow","50000000","20","4","108","6.0","70770147"
"Broken Flowers","10000000","5","4","106","7.2","13744960"
"Bruce Almighty","81000000","5","3","101","6.7","242829261"
"Brüno","42000000","5","4","81","5.9","60054530"
"Buffalo '66","1500000","5","4","110","7.5","2375097"
"Buffy the Vampire Slayer","7000000","20","3","86","5.5","16624456"
"Bugsy","30000000","11","4","136","6.8","49114016"
"Bullets Over Broadway","20000000","5","4","98","7.5","13383737"
"But I'm a Cheerleader","1200000","5","4","85","6.5","2205627"
"Cabin Fever","1500000","5","4","93","5.6","21158188"
"Cadillac Records","12000000","11","4","109","6.9","8195551"
"Calendar Girl","13000000","5","3","90","4.9","2570145"
"Calendar Girls","10000000","5","3","108","6.9","31041759"
"Camp","200000","4","3","109","6.8","324977"
"Canadian Bacon","11000000","5","2","91","5.9","178104"
"Candyman","6000000","4","4","99","6.6","25792310"
"Cape Fear","35000000","14","4","128","7.3","79100000"
"Captain America: The First Avenger","140000000","20","3","124","6.8","176654505"
"Captain America: The Winter Soldier","170000000","20","3","136","7.8","259766572"
"Captain Phillips","55000000","11","3","134","7.9","107100855"
"Carlito's Way","30000000","14","4","144","7.9","36948322"
"Carnosaur","1000000","2","4","83","3.4","1753979"
"Carrie","30000000","4","4","100","6.0","35266619"
"Casino","52000000","11","4","178","8.2","42438300"
"Casper","50000000","5","2","100","6.0","100328194"
"Catch Me If You Can","52000000","11","3","141","8.0","164615351"
"Cats & Dogs","60000000","5","2","87","5.2","93385515"
"Catwoman","100000000","20","3","104","3.3","40202379"
"Cecil B. DeMented","10000000","5","4","87","6.2","1284646"
"Changeling","55000000","4","4","141","7.8","35739802"
"Changing Lanes","45000000","4","4","98","6.5","66818548"
"Chaplin","31000000","11","3","143","7.6","9493259"
"Charlie and the Chocolate Factory","150000000","13","2","115","6.7","206459076"
"Charlie Wilson's War","75000000","11","4","102","7.1","66661095"
"Charlie's Angels: Full Throttle","120000000","20","3","106","4.8","100830111"
"Charly","950000","5","2","103","7.2","814666"
"Cheaper by the Dozen 2","60000000","13","2","94","5.4","82571173"
"Cherish","1500000","5","4","99","6.8","179751"
"Child's Play 3","13000000","2","4","90","4.9","96730951991"
"Children of the Corn II: The Final Sacrifice","900000","2","4","92","4.1","6980986"
"Children on Their Birthdays","10000000","5","2","102","6.5","549122002"
"China Moon","15000000","9","4","99","6.2","3038499"
"Chocolat","25000000","4","3","121","7.3","71509363"
"Christmas at Maxwell's","3000000","4","2","94","6.1","12781"
"Christopher Columbus: The Discovery","40000000","13","3","120","4.4","8251071"
"Chronicle","12000000","4","3","84","7.1","64575175"
"Cinderella Man","88000000","11","3","144","8.0","61649911"
"City Hall","40000000","4","4","111","6.2","20200000"
"City of Angels","55000000","4","3","114","6.7","78685114"
"City of Hope","3000000","14","4","129","7.4","1264910"
"City of Joy","27000000","4","3","132","6.3","14683921"
"City Slickers II: The Legend of Curly's Gold","40000000","13","3","116","5.4","43622150"
"Class Act","7500000","5","3","98","5.9","13272113"
"Clear and Present Danger","45000000","20","3","141","6.9","122187717"
"Clerks","230000","5","4","92","7.9","3151130"
"Click","70000000","5","3","107","6.4","137355633"
"Cliffhanger","65000000","20","4","112","6.3","84049211"
"Clockers","25000000","14","4","128","6.9","13040603"
"Closet Land","4000000","4","4","94","7.2","259012"
"Cloudy with a Chance of Meatballs","100000000","19","2","90","7.0","124870275"
"Clueless","12000000","5","3","97","6.7","56631572"
"Cold Mountain","79000000","4","4","154","7.2","95636509"
"Collateral","65000000","14","4","120","7.6","101005703"
"Collateral Damage","85000000","20","4","108","5.4","40077257"
"Color of Night","40000000","4","4","121","5.0","19721814"
"Con Air","75000000","20","4","115","6.8","101117573"
"Conan the Barbarian","70000000","20","4","113","5.2","21295021"
"Confidence","15000000","14","4","97","6.7","410000002003"
"Congo","50000000","20","3","109","5.0","81022101"
"Consenting Adults","18000000","14","4","99","5.7","21591728"
"Conspiracy Theory","75000000","20","4","135","6.7","75982834"
"Contact","90000000","4","2","150","7.4","100920329"
"Conversations with Other Women","450000","5","4","84","7.1","369854"
"Cool Runnings","15000000","13","2","98","6.9","68856263"
"Copycat","20000000","14","4","123","6.5","32051917"
"Coraline","60000000","19","2","100","7.7","75286229"
"Corpse Bride","40000000","19","2","77","7.4","53359111"
"Country Strong","15000000","4","3","117","6.3","20218921"
"Couples Retreat","60000000","5","3","113","5.5","109205660"
"Courage Under Fire","46000000","4","4","117","6.6","59031057"
"Crash","9000000","4","5","100","6.3","2038450"
"Crazy, Stupid, Love.","50000000","5","3","118","7.4","84351197"
"Crimson Tide","53000000","20","4","123","7.3","91400000"
"Crocodile Dundee in Los Angeles","21150000","13","2","92","4.8","25635682"
"Cronos","2000000","2","4","94","6.8","621392"
"Crooklyn","14000000","5","3","115","6.9","13640000"
"Cruel Intentions","10500000","4","4","97","6.9","38328567"
"Cursed","35000000","5","3","97","4.9","19297522"
"Cutthroat Island","98000000","20","3","124","5.6","10017322"
"D-Tox","55000000","14","4","96","5.2","79161"
"Daddy Day Care","60000000","5","2","92","5.5","104297061"
"Dallas Buyers Club","5000000","11","4","117","8.0","27298285"
"Dante's Peak","116000000","20","3","108","5.8","67127760"
"Dark City","27000000","6","4","100","7.8","14378331"
"Dark Shadows","100000000","5","3","113","6.2","79727149"
"Dark Water","30000000","4","3","105","5.5","25473352"
"Darkness","10600000","2","3","103","5.4","22163442"
"Darkness Falls","11000000","2","3","86","4.9","32551396"
"Das Boot","14000000","13","4","149","8.4","5724261997"
"Dawn of the Dead","26000000","20","4","101","7.4","59020957"
"Dawn of the Planet of the Apes","170000000","20","3","130","7.7","208545589"
"Daylight","80000000","20","3","114","5.8","33023469"
"Dazed and Confused","6900000","5","4","102","7.7","7993039"
"Dead Again","15000000","17","4","107","7.0","38016380"
"Dead Man","9000000","4","4","121","7.7","1037847"
"Dead Man Walking","11000000","14","4","122","7.6","39025000"
"Dead Presidents","10000000","14","4","119","6.8","24200000"
"Death and the Maiden","12000000","4","4","103","7.3","2104000"
"Death Becomes Her","55000000","5","3","104","6.4","58422650"
"Death of a President","2000000","14","4","97","6.4","519086"
"Death Race","45000000","20","4","111","6.4","36316032"
"Death Wish V: The Face of Death","5000000","20","4","95","4.7","1702394"
"Deep Impact","75000000","20","3","120","6.1","140464664"
"Deep Rising","45000000","20","4","106","6.0","11203026"
"Defendor","3500000","5","4","95","6.9","44462"
"Delivery Man","26000000","5","3","105","6.4","30664106"
"Dellamorte Dellamore","4000000","5","4","105","7.3","253969"
"Demolition Man","57000000","20","4","115","6.6","58055768"
"Desperado","7000000","20","4","104","7.2","25625110"
"Despicable Me 2","76000000","19","2","98","7.5","368061265"
"Detroit Rock City","15000000","5","4","95","6.8","4217115"
"Deuce Bigalow: Male Gigolo","17000000","5","4","88","5.7","65538755"
"Devil in a Blue Dress","27000000","20","4","102","6.7","16030096"
"Di Renjie: Tong tian di guo","13000000","20","3","119","6.6","459836"
"Diary of a Mad Black Woman","5500000","5","3","116","5.6","50633099"
"Diary of a Wimpy Kid","15000000","5","2","94","6.2","64003625"
"Diary of a Wimpy Kid: Dog Days","22000000","5","2","94","6.4","49008662"
"Diary of a Wimpy Kid: Rodrick Rules","21000000","5","2","99","6.6","52698535"
"Diary of the Dead","2000000","2","4","95","5.7","958961"
"Die Hard: With a Vengeance","90000000","20","4","131","7.6","100012499"
"Dirty Dancing: Havana Nights","25000000","4","3","86","6.0","14161590"
"Disclosure","32000000","4","4","128","6.0","83015089"
"District 9","30000000","20","4","112","8.0","115646235"
"Divergent","85000000","13","3","139","6.8","150947895"
"Divine Secrets of the Ya-Ya Sisterhood","27000000","4","3","116","5.9","69599016"
"Django Unchained","100000000","22","4","165","8.5","162805434"
"Doctor Dolittle","71500000","5","3","85","5.3","144156605"
"Doctor Zhivago","11000000","4","3","197","8.0","1117219101965"
"Dodgeball: A True Underdog Story","20000000","5","3","92","6.7","114326736"
"Dolphin Tale","37000000","4","2","113","6.9","72286779"
"Dominion: Prequel to the Exorcist","30000000","4","4","117","5.4","251495"
"Don Jon","6000000","5","4","90","6.6","24477704"
"Don Juan DeMarco","25000000","5","3","97","6.8","22150451"
"Don't Say a Word","50000000","14","4","113","6.3","55001642"
"Donnie Brasco","35000000","11","4","127","7.8","41909762"
"Double Dragon","7850000","20","3","96","3.5","2341309"
"Double Impact","15000000","20","4","110","5.4","30102717"
"Double Jeopardy","70000000","14","4","105","6.3","116741558"
"Down to Earth","30000000","5","3","87","5.4","64186502"
"Dr. Dolittle 2","72000000","5","2","87","4.6","112952899"
"Dr. Jekyll and Ms. Hyde","8000000","5","3","90","4.3","2763020"
"Dr. Seuss' The Cat in the Hat","109000000","13","2","82","3.8","101149285"
"Dracula","40000000","2","4","128","7.5","82522790"
"Dracula 2000","54000000","2","4","99","4.9","33022767"
"Dracula Untold","70000000","20","3","92","6.3","56280355"
"Dracula: Dead and Loving It","30000000","5","3","88","5.7","10693649"
"Dragon: The Bruce Lee Story","14000000","20","3","120","7.0","35112679"
"DragonHeart","57000000","20","3","103","6.4","51367375"
"Dreamcatcher","68000000","4","4","136","5.5","33715436"
"Dreamgirls","70000000","4","3","130","6.6","103365956"
"Dredd","50000000","20","4","95","7.0","13414714"
"Drive Me Crazy","8000000","5","3","91","5.6","17845337"
"Drop Squad","2000000","4","4","86","4.4","734693"
"Drop Zone","45000000","20","4","101","5.6","28720380"
"Dumb & Dumber","16000000","5","3","107","7.3","127175354"
"Dumb and Dumber To","35000000","5","3","109","5.9","86208010"
"Dumb and Dumberer: When Harry Met Lloyd","19000000","5","3","85","3.4","26276465"
"Dungeons & Dragons","45000000","20","3","107","3.6","15220685"
"Duplex","40000000","5","3","89","5.8","9692135"
"E.T. the Extra-Terrestrial","10500000","10","2","115","7.9","435110554"
"Easy Come, Easy Go","2000000","13","2","95","5.1","1950000"
"Eat Pray Love","60000000","4","3","133","5.6","80574010"
"Ed Wood","18000000","11","4","127","7.9","5887457"
"Edge of Tomorrow","178000000","20","3","113","8.0","100206256"
"Eight Below","40000000","13","2","120","7.3","81612565"
"Eight Legged Freaks","30000000","20","3","99","5.4","17322606"
"Elegy","13000000","4","4","112","6.8","3581642"
"Elektra","43000000","20","3","97","4.8","24409722"
"Elf","33000000","5","2","97","6.9","173398518"
"Elizabeth","25000000","11","4","124","7.5","30034127"
"Elysium","115000000","20","4","109","6.7","93050117"
"Encino Man","7000000","5","2","88","5.6","40693477"
"End of Days","83000000","20","4","121","5.7","66889043"
"End of the Spear","10000000","13","3","108","7.0","11967000"
"End of Watch","7000000","14","4","109","7.7","41003371"
"Ender's Game","110000000","20","3","114","6.7","61737191"
"Enemy at the Gates","68000000","4","4","131","7.6","51401758"
"Enemy of the State","90000000","20","4","140","7.3","111549836"
"Enough","38000000","14","3","115","5.5","40007742"
"Enter the Dragon","850000","20","4","102","7.7","25000000"
"Epic","100000000","13","2","102","6.7","107518682"
"Eragon","100000000","20","2","104","5.1","75030163"
"Eraser","100000000","20","4","115","6.0","101295562"
"Erin Brockovich","52000000","11","4","131","7.3","125595205"
"Ernest Rides Again","7000000","5","2","96","5.0","1450029"
"Escape from Planet Earth","40000000","13","2","89","5.9","57012977"
"Escape Plan","50000000","20","4","115","6.8","25132228"
"Evan Almighty","175000000","5","2","96","5.4","100462298"
"Eve of Destruction","13000000","20","4","99","4.8","5451119"
"Even Cowgirls Get the Blues","8000000","5","4","95","4.2","1710000"
"Event Horizon","50000000","2","4","96","6.7","26673242"
"EverAfter","26000000","5","2","121","7.0","65705771"
"Excessive Force","3000000","20","4","87","5.1","1152117"
"Executive Decision","55000000","20","4","133","6.4","56569216"
"Exit Wounds","33000000","20","4","101","5.5","51758599"
"Exorcist: The Beginning","50000000","2","4","114","5.1","41821986"
"Expelled: No Intelligence Allowed","3500000","1","2","90","3.7","7690545"
"Explorers","25000000","13","2","109","6.6","9873044"
"Eye for an Eye","20000000","14","4","101","6.1","26792700"
"Eyes Wide Shut","65000000","4","4","159","7.3","55691208"
"Facing the Giants","100000","4","2","111","6.6","10178331"
"Fair Game","50000000","20","4","91","4.1","11534477"
"Faithful","13000000","5","4","91","5.9","2104000"
"Falling Down","25000000","14","4","113","7.6","40903593"
"Fanboys","3900000","13","3","90","6.6","688529"
"Fantastic Four","100000000","20","3","106","5.7","154696080"
"Far and Away","60000000","13","3","140","6.5","58883840"
"Fargo","7000000","14","4","98","8.2","24611975"
"Father of the Bride Part II","30000000","5","2","106","5.9","76594000"
"Fear of a Black Hat","999999","5","4","88","7.2","238230"
"Federal Hill","80000","14","4","97","6.4","518663"
"Fight Club","63000000","4","4","139","8.9","37030102"
"Final Destination","23000000","2","4","98","6.7","53331147"
"Final Destination 2","26000000","2","4","90","6.2","46961214"
"Final Destination 5","40000000","2","4","92","5.9","42587643"
"Finding Neverland","25000000","11","2","106","7.8","51680613"
"Fire Down Below","60000000","20","4","105","4.9","16228448"
"Fireproof","500000","4","2","122","6.5","33456317"
"First Knight","55000000","20","3","134","5.9","37600435"
"Flags of Our Fathers","53000000","4","4","135","7.1","33602376"
"Fled","25000000","20","4","98","5.3","17100000"
"Flightplan","55000000","20","3","98","6.2","89707299"
"Flirting with Disaster","7000000","5","4","92","6.8","14891000"
"Flubber","80000000","5","2","93","5.1","92977226"
"Flushed Away","149000000","13","2","85","6.7","64665672"
"Footloose","24000000","5","3","113","5.8","51802742"
"For the Boys","40000000","5","4","138","6.2","17860280"
"Forces of Nature","75000000","5","3","105","5.4","52888180"
"Forrest Gump","55000000","4","3","142","8.8","5576832014"
"Fortress","8000000","20","4","95","5.8","6739141"
"Four Rooms","4000000","5","4","98","6.7","4301331"
"Four Weddings and a Funeral","4500000","5","4","117","7.1","52700832"
"Frankenhooker","2500000","5","4","85","6.1","205068"
"Frankenstein","45000000","4","4","123","6.4","22006296"
"Frankenweenie","39000000","19","2","87","7.0","35291068"
"Freaked","11000000","5","3","86","6.2","29296"
"Freddy vs. Jason","25000000","2","4","97","5.8","82622655"
"Freddy's Dead: The Final Nightmare","8500000","5","4","105","4.9","34872033"
"Free Birds","55000000","13","2","91","5.9","55750480"
"Free Willy","20000000","13","2","112","5.8","77698625"
"Freejack","30000000","20","4","110","5.3","17129000"
"Frequency","31000000","14","3","118","7.3","45010278"
"Fresh","3500000","14","4","114","7.7","8094616"
"Frida","12000000","11","4","123","7.4","25885000"
"Friday","3500000","5","4","91","7.3","27900000"
"Friday the 13th","19000000","2","4","97","5.6","65002019"
"Friends with Benefits","35000000","5","4","109","6.6","55802754"
"From Dusk Till Dawn","19000000","20","4","108","7.3","25753840"
"Frozen","150000000","13","2","102","7.7","400738009"
"G-Force","150000000","20","2","88","5.1","119436770"
"G.I. Jane","50000000","20","4","125","5.8","48169156"
"G.I. Joe: Retaliation","130000000","20","3","110","5.8","122523060"
"Galaxy Quest","45000000","20","2","102","7.3","71583916"
"Gangs of New York","97000000","14","4","167","7.5","77812000"
"Gangster Squad","60000000","20","4","113","6.8","46000903"
"Garfield","35000000","19","2","80","4.9","75369589"
"Geronimo: An American Legend","35000000","4","3","115","6.4","13736475"
"Get Shorty","30250000","5","4","105","6.9","72077000"
"Getting Even with Dad","30000000","5","2","109","4.5","18438164"
"Gettysburg","25000000","4","2","271","7.7","10769960"
"Ghost in the Machine","12000000","2","4","95","4.3","5086909"
"Ghost Rider: Spirit of Vengeance","57000000","20","3","96","4.3","51774002"
"Ghost Ship","35000000","2","4","91","5.4","30113491"
"Ghost World","7000000","5","4","111","7.5","6217849"
"Girl 6","12000000","5","4","108","5.0","4903000"
"Girl, Interrupted","40000000","11","4","127","7.3","289126462000"
"Glengarry Glen Ross","12500000","4","4","100","7.9","10725228"
"Go Fish","15000","4","4","83","5.6","2408311"
"God's Army","300000","4","2","108","6.6","2637726"
"God's Not Dead","2000000","4","2","113","5.0","60755732"
"Godsend","25000000","4","3","102","4.8","14379751"
"Godzilla","130000000","20","3","139","5.3","136314294"
"GoldenEye","58000000","20","3","130","7.2","106600000"
"Gone Girl","61000000","4","4","149","8.2","167761501"
"Gone in Sixty Seconds","90000000","20","3","118","6.5","101648571"
"Good Will Hunting","10000000","4","4","126","8.3","138433435"
"Gospa","5000000","4","2","125","5.3","381804"
"Gothika","40000000","2","4","98","5.8","59694580"
"Grease","6000000","16","3","110","7.2","188755690"
"Groundhog Day","14600000","5","2","101","8.1","70906973"
"Grown Ups","80000000","5","3","102","6.0","162001186"
"Grown Ups 2","80000000","5","3","101","5.4","133668525"
"Grudge Match","40000000","5","3","113","6.5","29807260"
"Grumpier Old Men","25000000","5","3","101","6.6","69870000"
"Guardians of the Galaxy","170000000","20","3","121","8.1","333176600"
"Guarding Tess","20000000","5","3","96","6.1","27053498"
"Guess Who","35000000","5","3","105","5.9","68915888"
"Gulliver's Travels","112000000","13","2","85","4.9","42779261"
"Guncrazy","800000","14","4","97","5.5","114516"
"Gunmen","8030000","20","4","94","5.1","3411885"
"Hairspray","75000000","5","2","117","6.8","118871849"
"Hall Pass","36000000","5","4","105","5.9","45060734"
"Halloween","15000000","2","4","109","6.1","58272029"
"Halloween H20: 20 Years Later","17000000","2","4","86","5.6","55041738"
"Halloween II","15000000","2","4","105","4.9","33392973"
"Halloween: Resurrection","15000000","2","4","94","4.1","30354442"
"Halloween: The Curse of Michael Myers","5000000","2","4","87","4.9","15116634"
"Hangin' with the Homeboys","1900000","5","4","88","7.0","532933"
"Hanging Up","60000000","5","3","94","4.7","36050230"
"Hangman's Curse","2000000","2","3","106","4.9","168406"
"Hannibal","87000000","14","4","131","6.7","165092268"
"Hannibal Rising","50000000","14","4","121","6.2","27670986"
"Hansel & Gretel: Witch Hunters","50000000","20","4","88","6.1","55703475"
"Happily N'Ever After","47000000","13","2","75","4.5","15589393"
"Happy Feet Two","130000000","19","2","100","5.9","64006466"
"Happy Gilmore","12000000","5","3","92","7.0","38624000"
"Hard Target","18000000","20","4","97","6.1","32534954"
"Hardware","1500000","20","4","94","5.9","5728953"
"Harley Davidson and the Marlboro Man","23000000","20","4","98","5.9","7434726"
"Harry Potter and the Chamber of Secrets","100000000","13","2","161","7.3","261988482"
"Harry Potter and the Goblet of Fire","150000000","13","3","157","7.6","290013036"
"Harry Potter and the Sorcerer's Stone","125000000","13","2","152","7.5","317575550"
"Havana","40000000","4","4","144","6.0","9243140"
"He's Just Not That Into You","40000000","5","3","129","6.4","93953653"
"Heat","60000000","20","4","170","8.3","674360001996"
"Heaven & Earth","33000000","20","4","140","6.8","5864949"
"Heaven's Prisoners","25000000","4","4","132","5.7","5005000"
"Heavenly Creatures","5000000","11","4","99","7.5","3049135"
"Hellboy","66000000","20","3","122","6.8","59623958"
"Hellraiser III: Hell on Earth","5000000","2","4","91","5.4","12534961"
"Hellraiser: Bloodline","4000000","2","4","85","5.0","16675000"
"Henry V","9000000","20","3","137","7.8","10161099"
"Her","23000000","4","4","126","8.0","25568251"
"Hercules","100000000","20","3","98","6.1","72688614"
"Hereafter","50000000","4","3","129","6.5","32746941"
"Hero","42000000","5","3","119","6.4","19507345"
"Hide and Seek","25000000","2","4","101","5.9","51100486"
"Hideaway","15000000","17","4","106","5.3","12201255"
"High Noon","750000","22","2","85","8.1","80000001952"
"Highlander","16000000","20","4","116","7.2","5900000"
"Highlander II: The Quickening","30000000","20","4","91","4.0","15556340"
"Hitch","70000000","5","3","118","6.7","179495555"
"Hitman","24000000","20","4","94","6.3","39687694"
"Hocus Pocus","28000000","5","2","96","6.6","39514713"
"Hoffa","35000000","11","4","140","6.6","24276500"
"Home Alone 2: Lost in New York","18000000","13","2","120","6.5","173585516"
"Home Alone 3","32000000","5","2","102","4.2","30882515"
"Home for the Holidays","20000000","5","3","103","6.6","17518220"
"Home of the Brave","12000000","20","4","106","5.6","49753"
"Homecoming","1500000","4","4","88","5.4","8500000"
"Honey I Blew Up the Kid","40000000","13","2","89","4.7","58662452"
"Honeymoon in Vegas","25000000","5","3","96","5.8","35208854"
"Hoodwinked!","15000000","19","2","80","6.6","51386611"
"Hoop Dreams","700000","1","3","170","8.3","7830611"
"Hop","63000000","13","2","95","5.5","108085305"
"Hope Springs","30000000","5","3","100","6.3","63536011"
"Horrible Bosses","35000000","5","4","98","6.9","117538559"
"Hostel","4800000","2","4","94","5.9","47326473"
"Hotel for Dogs","35000000","5","2","100","5.4","73034460"
"Hotel Transylvania","85000000","19","2","91","7.1","148313048"
"House at the End of the Street","6900000","2","3","101","5.6","31611916"
"House of the Dead","7000000","20","4","90","2.0","10249719"
"House Party 2","5000000","5","4","94","4.9","19281235"
"Houseguest","10500000","5","2","113","5.9","26325256"
"How the Grinch Stole Christmas","123000000","5","2","104","6.0","260044825"
"How to Lose a Guy in 10 Days","50000000","5","3","116","6.3","105813373"
"How to Train Your Dragon 2","145000000","20","2","102","8.0","177002924"
"Hudson Hawk","70000000","20","4","100","5.7","17218080"
"Hugo","170000000","13","2","126","7.6","73864507"
"Hulk","137000000","20","3","138","5.7","132177234"
"Hung fan kui","7500000","20","4","104","6.7","32392047"
"Husbands and Wives","20000000","5","4","108","7.6","10555619"
"I Am Number Four","50000000","20","3","109","6.1","55100437"
"I Am Sam","22000000","4","3","132","7.6","40311852"
"I Can Do Bad All by Myself","13000000","5","3","113","3.9","51733921"
"I Know What You Did Last Summer","17000000","2","4","100","5.6","72586134"
"I Know Who Killed Me","12000000","14","4","105","3.6","7498716"
"I Love Trouble","45000000","20","2","123","5.2","30806194"
"I Love You, Man","40000000","5","4","105","7.1","71440011"
"I Now Pronounce You Chuck & Larry","85000000","5","3","115","6.0","120059556"
"I Still Know What You Did Last Summer","25000000","2","4","100","4.5","40002112"
"I'll Do Anything","44000000","5","3","115","5.6","10209111"
"I've Heard the Mermaids Singing","262000","5","4","81","6.9","1408491"
"I, Frankenstein","65000000","20","3","92","5.2","19075290"
"I, Robot","120000000","20","3","115","7.1","144801023"
"I.Q.","25000000","5","2","100","6.2","26372663"
"Ice Age","59000000","13","2","81","7.6","176387405"
"Ice Age: Continental Drift","95000000","13","2","88","6.7","161321843"
"Ice Age: The Meltdown","80000000","20","2","90","6.9","195330621"
"Identity","30000000","6","4","90","7.3","52159536"
"Identity Thief","35000000","5","4","111","5.7","134506920"
"If Lucy Fell","5000000","5","4","92","4.8","4635344"
"Il postino","3000000","11","2","108","7.8","21848932"
"In & Out","35000000","5","3","90","6.3","63856929"
"In Dreams","30000000","4","4","100","5.4","12017369"
"In the Bedroom","1700000","14","4","130","7.5","35930604"
"In the Cut","12000000","6","4","113","5.3","4750602"
"In the Line of Fire","40000000","20","4","128","7.2","102314283"
"In the Mouth of Madness","8000000","2","4","95","7.2","8946600"
"In Time","40000000","20","3","109","6.7","37520095"
"Incendies","6800000","4","4","130","8.2","6857096"
"Indecent Proposal","38000000","4","4","117","5.8","106614100"
"Independence Day","75000000","20","3","145","6.9","3061692681997"
"Inside Man","45000000","14","4","129","7.7","88513495"
"Insidious: Chapter 2","5000000","2","3","106","6.6","83586447"
"Insomnia","46000000","6","4","118","7.2","67355513"
"Inspector Gadget","75000000","20","2","78","4.1","97403112"
"Intersection","45000000","4","4","98","5.2","20928892"
"Interview with the Vampire: The Vampire Chronicles","60000000","2","4","123","7.6","1052646081995"
"Into the Storm","50000000","20","3","89","5.9","47602194"
"Io sono l'amore","10000000","4","4","120","7.0","5005465"
"Iron Man 3","200000000","20","3","130","7.3","409013994"
"Isn't She Great","36000000","11","4","95","5.2","2962465"
"It Runs in the Family","15000000","5","2","85","5.7","70936"
"It's Complicated","85000000","5","4","120","6.6","112735375"
"J. Edgar","35000000","11","4","137","6.6","37306030"
"Jack","45000000","5","3","113","5.7","58620973"
"Jack and Jill","79000000","5","2","91","3.4","74158157"
"Jack Reacher","60000000","20","3","130","7.0","80070736"
"Jack the Giant Slayer","195000000","13","3","114","6.3","65187603"
"Jackass Presents: Bad Grandpa","15000000","5","4","92","6.6","102003019"
"Jackass: The Movie","5000000","5","4","87","6.6","64255312"
"Jackie Brown","12000000","14","4","154","7.5","39673162"
"Jade","50000000","20","4","95","5.1","9795017"
"James and the Giant Peach","38000000","13","2","79","6.7","28934758"
"Jarhead","70000000","4","4","125","7.1","62658220"
"Jason Goes to Hell: The Final Friday","2500000","17","4","87","4.3","15935068"
"Jason X","11000000","2","4","91","4.4","13121555"
"Jason's Lyric","7000000","14","4","120","6.6","20851521"
"Jeepers Creepers","10000000","2","4","90","6.1","37904175"
"Jeepers Creepers II","17000000","2","4","104","5.5","35667218"
"Jefferson in Paris","14000000","11","3","139","5.7","2474000"
"Jennifer Eight","20000000","14","4","124","6.2","11390479"
"Jerry Maguire","50000000","5","4","139","7.3","153952592"
"JFK","40000000","4","4","189","8.0","70405498"
"Jimmy Hollywood","30000000","5","4","112","5.3","3692874"
"Jingle All the Way","60000000","5","2","89","5.4","605923891997"
"Jodaeiye Nader az Simin","500000","4","3","123","8.4","7098492"
"John Carter","263700000","20","3","132","6.6","73078100"
"Johnny English","35000000","20","2","88","6.1","28082366"
"Johnny English Reborn","45000000","20","2","101","6.3","8305970"
"Johnny Mnemonic","25000000","20","4","103","5.5","19076000"
"Josh and S.A.M.","18000000","13","3","96","5.7","1528163"
"Journey 2: The Mysterious Island","79000000","20","2","94","5.8","103860290"
"Journey to the Center of the Earth","45000000","20","2","93","5.8","101704370"
"Judge Dredd","70000000","20","4","96","5.4","34693481"
"Juice","5000000","20","4","95","7.1","20146880"
"Jumanji","50000000","13","2","104","6.8","1004752491996"
"Jumper","85000000","20","3","88","6.1","80172128"
"Jungle Fever","14000000","4","4","132","6.5","32482682"
"Junior","60000000","5","3","109","4.5","36763355"
"Juno","7500000","5","3","96","7.6","143495265"
"Jurassic Park","63000000","13","3","127","8.0","402453882"
"Jurassic Park III","93000000","20","3","92","5.9","181171875"
"Just Like Heaven","58000000","5","3","95","6.7","48318130"
"K-19: The Widowmaker","100000000","4","3","138","6.6","35168966"
"Kalifornia","9000000","14","4","117","6.7","2395231"
"Kangaroo Jack","60000000","20","2","89","4.4","66934963"
"Kick-Ass","30000000","20","4","117","7.7","48071303"
"Kick-Ass 2","22000000","20","4","103","6.7","28795985"
"Kids in America","750000","5","3","91","5.9","537667"
"Killers","75000000","20","3","100","5.4","47059963"
"Killing Them Softly","15000000","14","4","97","6.2","15026056"
"Killing Zoe","1500000","14","4","96","6.5","418953"
"King Kong","207000000","20","3","201","7.3","218080025"
"King of Kings","5037000","11","3","168","7.1","14483352"
"King of the Hill","8000000","4","3","103","7.5","1299318"
"Kingdom of Heaven","130000000","20","4","144","7.2","47398413"
"Kiss of Death","40000000","20","4","101","5.9","14942422"
"Kiss the Girls","27000000","14","4","115","6.5","60527873"
"Knight and Day","117000000","20","3","109","6.3","76423035"
"Knocked Up","30000000","5","4","129","7.1","1487689172007"
"Knowing","50000000","20","3","121","6.2","79957634"
"Kokuriko-zaka kara","22000000","19","2","91","7.4","1002895"
"Kon-Tiki","16600000","13","3","118","7.2","1517410"
"Kung fu","20000000","20","4","99","7.8","17108591"
"L.A. Confidential","35000000","14","4","138","8.3","64616940"
"La cité des enfants perdus","18000000","17","4","112","7.7","1513028"
"La piel que habito","13000000","18","4","120","7.6","3185812"
"La terza madre","3500000","2","4","102","5.1","58669"
"Lady in the Water","75000000","17","3","110","5.7","42285169"
"Lake Placid","27000000","5","4","82","5.6","31770414"
"Land of the Lost","100000000","13","3","102","5.3","49438370"
"Lara Croft Tomb Raider: The Cradle of Life","95000000","20","3","117","5.5","65660196"
"Larry Crowne","30000000","5","3","98","6.0","35608245"
"Last Action Hero","70000000","20","3","130","6.2","50016394"
"Last Man Standing","67000000","20","4","101","6.4","17600000"
"Last Vegas","28000000","5","3","105","6.7","63914167"
"Le pacte des loups","29000000","20","4","152","7.1","11260096"
"Leap Year","19000000","5","2","100","6.4","25918920"
"Leaving Las Vegas","3600000","4","4","111","7.6","31968347"
"Legally Blonde","18000000","5","3","96","6.2","96520674"
"Legally Blonde 2: Red, White & Blonde","45000000","5","3","95","4.5","90186328"
"Legend of the Guardians: The Owls of Ga'Hoole","80000000","13","2","97","7.0","55675313"
"Legends of Oz: Dorothy's Return","70000000","19","2","88","5.8","8462027"
"Legends of the Fall","30000000","4","4","133","7.5","66638883"
"Leprechaun","900000","5","3","92","4.6","8556940"
"Leprechaun 2","2000000","5","4","85","4.3","2260622"
"Les Misérables","61000000","4","3","158","7.7","148809770"
"Lethal Weapon 3","35000000","20","4","118","6.7","144731527"
"Lethal Weapon 4","140000000","20","4","127","6.6","130444603"
"Letters from Iwo Jima","19000000","4","4","141","8.0","13756082"
"Liar Liar","45000000","5","3","86","6.8","181410615"
"Licence to Kill","32000000","20","3","133","6.6","34667015"
"Life as We Know It","38000000","5","3","114","6.5","53374681"
"Light Sleeper","5000000","14","4","103","6.7","1050861"
"Limitless","27000000","6","3","105","7.4","79249455"
"Lincoln","65000000","11","3","150","7.4","182207973"
"Lionheart","6000000","20","4","108","6.1","24078196"
"Little Big Man","15000000","5","3","139","7.7","31559552"
"Little Buddha","35000000","4","2","123","6.0","4858139"
"Little Children","26000000","4","4","137","7.6","5463019"
"Little Giants","20000000","5","2","107","6.3","19288821"
"Little Miss Sunshine","8000000","13","4","101","7.9","59891098"
"Little Odessa","2300000","14","4","98","6.8","1095885"
"Little Shop of Horrors","25000000","5","3","94","6.9","38748395"
"Little Women","15000000","4","2","115","7.3","50083616"
"Littleman","64000000","5","3","98","4.2","58645052"
"Live Free or Die Hard","110000000","20","3","128","7.2","134529403"
"Living in Oblivion","500000","5","4","90","7.6","1148752"
"Loaded Weapon 1","8200000","20","3","84","6.1","27979400"
"Lone Survivor","40000000","20","4","121","7.6","125095601"
"Long men fei jia","35000000","20","4","122","6.0","170276"
"Lookin' to Get Out","17000000","5","4","105","5.1","946461"
"Looper","30000000","20","4","119","7.5","66486205"
"Lord of Illusions","12000000","2","4","109","6.0","13293081"
"Lorenzo's Oil","30000000","4","3","129","7.2","7286388"
"Los abrazos rotos","18000000","4","4","127","7.2","5014305"
"Loser","20000000","5","3","98","5.2","15618626"
"Losing Isaiah","17000000","4","4","111","6.6","7603766"
"Lost in Space","80000000","20","3","130","5.0","69117629"
"Lost in Translation","4000000","4","4","101","7.8","44585453"
"Love Actually","45000000","5","4","135","7.7","59696144"
"Love Affair","60000000","5","3","108","5.8","18250211"
"Love Story","2200000","4","2","99","6.9","106400000"
"Lovelace","10000000","11","4","93","6.2","356582"
"Lucy","40000000","20","4","89","6.4","126663600"
"Madagascar","75000000","13","2","86","6.9","193595521"
"Madagascar 3: Europe's Most Wanted","145000000","13","2","93","7.0","216391482"
"Madagascar: Escape 2 Africa","150000000","20","2","89","6.7","180010950"
"Made in America","22000000","5","3","111","4.8","44942695"
"Made of Honor","40000000","5","3","101","5.8","46012734"
"Madea's Big Happy Family","25000000","5","3","106","4.3","53345287"
"Madea's Family Reunion","6000000","5","3","107","4.9","63257940"
"Madea's Witness Protection","20000000","5","3","114","4.7","65653242"
"Madonna: Truth or Dare","4500000","1","4","120","6.0","15012935"
"Magnolia","37000000","4","4","188","8.0","22455976"
"Maid in Manhattan","55000000","5","3","105","5.0","94011225"
"Malcolm X","33000000","11","3","202","7.7","48169908"
"Maleficent","180000000","20","2","97","7.1","241410378"
"Mallrats","6000000","5","4","94","7.2","2122561"
"Mama","20000000","2","3","100","6.2","71628180"
"Mamma Mia!","52000000","5","3","108","6.4","144130063"
"Man cheng jin dai huang jin jia","45000000","20","4","114","7.0","6566773"
"Man of Steel","225000000","20","3","143","7.2","291045518"
"Man on a Ledge","42000000","20","3","102","6.6","18620000"
"Man on Fire","70000000","20","4","146","7.8","77911774"
"Man Trouble","30000000","5","3","100","4.6","4096030"
"Man's Best Friend","6000000","5","4","97","5.0","12974636"
"Man-Thing","7500000","20","4","97","4.1","143615"
"Manhattan Murder Mystery","13500000","5","2","104","7.4","11285588"
"Married to It","14000000","5","4","112","5.9","1989059"
"Mars Attacks!","70000000","5","3","106","6.3","37771017"
"Mary Reilly","47000000","4","4","108","5.8","5600000"
"MASH","3500000","5","4","116","7.7","81600000"
"Master and Commander: The Far Side of the World","150000000","20","3","138","7.4","93927920"
"Me, Myself & Irene","51000000","5","4","116","6.5","90570999"
"Mean Creek","500000","14","4","90","7.3","603951"
"Mean Girls","17000000","5","3","97","7.0","86058055"
"Meet Joe Black","90000000","4","3","178","7.1","44619100"
"Meet the Fockers","80000000","5","3","115","6.3","279261160"
"Megiddo: The Omega Code 2","22000000","20","3","104","4.1","6047691"
"Memoirs of a Geisha","85000000","4","3","140","7.3","57490508"
"Men in Black","90000000","5","3","98","7.2","250690539"
"Men in Black II","140000000","20","3","88","6.0","190418803"
"Menace II Society","3500000","14","4","97","7.5","27900000"
"Message in a Bottle","80000000","4","3","131","6.1","52880016"
"Miami Vice","135000000","20","4","140","6.0","63450470"
"Michael Collins","28000000","11","4","133","7.1","11092559"
"Midnight in Paris","17000000","5","3","94","7.7","56816662"
"Mighty Aphrodite","15000000","5","4","95","7.1","6700000"
"Mighty Joe Young","90000000","20","2","114","5.5","50632037"
"Mighty Morphin Power Rangers: The Movie","15000000","20","2","95","5.0","37804616"
"Million Dollar Baby","30000000","4","3","132","8.1","100492203"
"Mimic","25000000","2","4","105","5.9","25480490"
"Minority Report","102000000","20","3","145","7.7","132072926"
"Mirror Mirror","85000000","13","2","106","5.6","64935167"
"Mission to Mars","90000000","13","2","114","5.5","60883407"
"Mission: Impossible","80000000","20","3","110","7.1","180981856"
"Mission: Impossible III","150000000","20","3","124","6.8","134029801"
"Mixed Nuts","15000000","5","3","97","5.3","6798240"
"Mo' Money","15000000","5","4","89","5.3","40227000"
"Mobsters","23000000","14","4","104","5.8","20246790"
"Mona Lisa Smile","65000000","4","3","117","6.4","63860942"
"Money for Nothing","11000000","5","4","100","5.7","1044824"
"Money Train","60000000","20","4","105","5.5","35324232"
"Monkeybone","75000000","19","3","93","4.7","5411999"
"Monster-in-Law","60000000","5","3","101","5.4","82931301"
"Monsters vs. Aliens","175000000","20","2","94","6.6","198351526"
"Monumental: In Search of America's National Treasure","500000","1","2","90","4.9","177729"
"Moonrise Kingdom","16000000","13","3","94","7.8","45512466"
"Mortal Kombat","18000000","20","3","101","5.8","70454098"
"Mortal Thoughts","8000000","6","4","102","5.7","19018321"
"Mosquito","200000","2","4","92","4.3","986314"
"Mother's Boys","8000000","4","4","96","5.3","874148"
"Moulin Rouge!","52500000","4","3","127","7.7","57386607"
"Mr. & Mrs. Smith","110000000","20","3","120","6.5","186336279"
"Mr. Baseball","40000000","5","3","108","5.8","20883046"
"Mr. Bean's Holiday","25000000","5","2","90","6.3","33302167"
"Mr. Deeds","50000000","5","3","96","5.8","126293452"
"Mr. Peabody & Sherman","145000000","13","2","92","6.9","111506430"
"Mr. Popper's Penguins","55000000","5","2","94","6.0","68224452"
"Mr. Wonderful","13000000","5","3","98","5.9","3125424"
"Mrs. Doubtfire","25000000","5","3","125","6.9","2191950511994"
"Mrs. Parker and the Vicious Circle","7000000","11","4","125","6.4","2144667"
"Much Ado About Nothing","8000000","5","3","111","7.4","22551000"
"Mulholland Dr.","15000000","4","4","147","8.0","7220243"
"Multiplicity","45000000","5","3","117","5.9","20100000"
"Munich","70000000","4","4","164","7.6","47403685"
"Muppets Most Wanted","50000000","13","2","107","6.5","51183113"
"Muriel's Wedding","3000000","5","4","106","7.2","15185594"
"Music of the Heart","27000000","4","2","124","6.7","14859394"
"Mute Witness","2000000","2","4","95","6.8","1204430"
"My Best Friend's Wedding","46000000","5","3","105","6.3","127120029"
"My Bloody Valentine","15000000","2","4","101","5.5","51545952"
"My Cousin Vinny","11000000","5","4","120","7.5","52929168"
"My Family","5500000","4","4","128","7.3","11079373"
"My Life's in Turnaround","22000","5","4","84","4.3","196383"
"My Own Private Idaho","2500000","4","4","104","7.1","6401336"
"Mystic River","30000000","14","4","138","8.0","90135191"
"Nacho Libre","32000000","5","2","92","5.7","80197993"
"Nadja","1000000","4","4","93","5.9","446934"
"Naked Gun 33 1/3: The Final Insult","30000000","5","3","83","6.4","51132598"
"Naked Lunch","16000000","4","4","115","7.1","2541541"
"Nanny McPhee","25000000","5","2","98","6.6","47144110"
"National Treasure: Book of Secrets","130000000","20","2","124","6.5","219964115"
"Natural Born Killers","34000000","14","4","118","7.3","50282766"
"Nebraska","12000000","13","4","115","7.8","17654912"
"Need for Speed","66000000","20","3","132","6.6","43577636"
"Neighbors","18000000","5","4","97","6.4","150157400"
"Never Been Kissed","25000000","5","3","107","6.0","55474756"
"Never Talk to Strangers","6400000","14","4","86","5.1","6849998"
"New Jack City","8500000","20","4","97","6.6","47624253"
"New Jersey Drive","5000000","14","4","98","6.6","3565508"
"New Nightmare","8000000","17","4","112","6.4","18090181"
"New Year's Eve","56000000","5","3","113","5.6","54544638"
"Newsies","15000000","4","2","121","6.9","2819485"
"Next","70000000","20","3","96","6.2","18211013"
"Night and the City","20000000","5","4","105","5.8","6202756"
"Night at the Museum: Battle of the Smithsonian","150000000","20","2","105","5.9","177243721"
"Nixon","50000000","11","4","192","7.1","13560960"
"No Country for Old Men","25000000","14","4","122","8.1","74283625"
"No Escape","20000000","20","4","118","6.0","15340000"
"No se Aceptan Devoluciones","5500000","5","3","122","7.6","44467206"
"No Strings Attached","25000000","5","4","108","6.2","70662220"
"Noah","125000000","20","3","138","5.9","101200044"
"Non-Stop","50000000","20","3","106","7.0","92168600"
"Norbit","60000000","5","3","102","3.9","95673607"
"North","40000000","13","2","87","4.4","7138449"
"Not Another Teen Movie","16000000","5","4","89","5.7","38252284"
"Not Easily Broken","8000000","4","3","99","6.0","10572742"
"Notting Hill","42000000","5","3","124","7.0","116089678"
"November","150000","4","4","73","5.6","192186"
"Novocaine","6000000","5","4","95","5.8","2036682"
"Now You See Me","75000000","14","3","115","7.3","117723989"
"Nowhere to Run","15000000","20","4","94","5.5","22189039"
"Nutty Professor II: The Klumps","65000000","5","3","106","4.3","123309890"
"Obsessed","20000000","4","3","108","4.9","68261644"
"Ocean's Twelve","110000000","14","3","125","6.4","125544280"
"Oculus","5000000","2","4","104","6.5","27695246"
"Old Dogs","35000000","5","2","88","5.3","49492060"
"Old School","24000000","5","4","91","7.2","75585093"
"Oldeuboi","3000000","4","4","120","8.4","707481"
"Olympus Has Fallen","70000000","20","4","119","6.5","98925640"
"On Deadly Ground","50000000","20","4","101","4.3","38590500"
"Once Upon a Time in America","30000000","14","4","139","8.4","5321508"
"Once Upon a Time in Mexico","29000000","20","4","102","6.4","56359780"
"One Day","15000000","4","3","107","7.0","13843771"
"One Direction: This Is Us","10000000","1","2","92","4.0","28873374"
"One for the Money","40000000","20","3","91","5.3","26414527"
"One Night with the King","20000000","11","2","123","6.3","13395961"
"One True Thing","30000000","4","4","127","7.0","23245840"
"Only the Strong","6000000","20","3","99","6.6","3273588"
"Open Season","85000000","13","2","83","6.2","85105259"
"Original Gangstas","4800000","20","4","99","5.7","3014000"
"Orlando","4000000","4","3","94","7.2","5289772"
"Othello","11000000","4","4","123","7.0","2112951"
"Out for Justice","14000000","20","4","91","6.0","39673161"
"Out-of-Sync","1500000","14","4","105","4.3","900000"
"Outbreak","50000000","20","4","127","6.5","67823573"
"Pacific Rim","190000000","20","3","132","7.0","101802906"
"Pain & Gain","26000000","20","4","129","6.5","49875291"
"Paint Your Wagon","20000000","5","3","158","6.7","31678778"
"Panic","1000000","5","4","88","6.8","779137"
"Panic Room","48000000","4","4","112","6.8","96397334"
"Paranormal Activity","15000","2","4","86","6.3","107918810"
"Paranormal Activity 4","5000000","2","4","88","4.5","53921300"
"Paranormal Activity: The Marked Ones","5000000","2","4","84","5.0","32462372"
"ParaNorman","60000000","13","2","92","7.0","56003051"
"Parental Guidance","25000000","5","2","105","6.0","77267296"
"Paris Is Burning","500000","1","4","71","8.0","3779620"
"Party Girl","150000","5","4","94","6.6","472370"
"Passenger 57","15000000","20","4","84","5.8","44065653"
"Passion Fish","3330000","4","4","135","7.4","5414619"
"Patch Adams","50000000","11","3","115","6.6","135026902"
"Patriot Games","42000000","20","4","117","6.9","83287363"
"Payback","50000000","20","4","100","7.1","81526121"
"Paycheck","60000000","20","3","119","6.3","53790451"
"PCU","8000000","5","3","79","6.5","4350774"
"Peaceful Warrior","10000000","4","3","120","7.3","10667482006"
"Pearl Harbor","140000000","20","3","183","6.0","198542554"
"Pecker","6000000","5","4","87","6.4","2281761"
"Per un pugno di dollari","200000","20","4","99","8.1","35000001971"
"Percy Jackson: Sea of Monsters","90000000","13","2","106","5.9","68559554"
"Pet Sematary II","8000000","20","4","100","4.7","17092453"
"Peter Pan","100000000","13","2","113","6.9","48462608"
"Phenomenon","32000000","4","2","123","6.4","104636382"
"Philadelphia","26000000","4","3","125","7.7","774464401994"
"Philadelphia Experiment II","5000000","20","3","97","4.5","2970"
"Pieces of April","300000","5","3","80","7.1","2528664"
"Pink Flamingos","10000","5","5","93","6.1","60000001972"
"Piranha 3D","24000000","5","4","88","5.5","25003155"
"Piranha 3DD","5000000","5","4","83","3.8","376512"
"Pirates of the Caribbean: Dead Man's Chest","225000000","20","3","151","7.3","423315812"
"Pirates of the Caribbean: On Stranger Tides","250000000","20","3","136","6.7","241071802"
"Pitch Perfect","17000000","5","3","112","7.3","65001093"
"Planes: Fire & Rescue","50000000","13","2","83","5.9","59165787"
"Poetic Justice","14000000","4","4","109","5.8","27515786"
"Point Break","24000000","20","4","122","7.2","43218387"
"Poison","250000","4","5","85","6.6","609524"
"Poison Ivy","3000000","4","4","90","5.3","1829804"
"Police Academy: Mission to Moscow","6200000","5","2","83","3.1","126247"
"Posse","10000000","22","4","111","5.4","18290000"
"Powder","9500000","4","3","111","6.5","30862146"
"Practical Magic","75000000","5","3","104","6.1","46683377"
"Predator 2","35000000","20","5","108","6.2","30669413"
"Premonition","20000000","4","3","96","5.9","47852604"
"Pretty Woman","14000000","5","4","119","6.9","178406268"
"Pride & Prejudice","28000000","4","2","129","7.8","38405088"
"Primal Fear","30000000","14","4","129","7.7","56116183"
"Prom","8000000","5","2","104","5.4","10130219"
"Prometheus","130000000","13","4","124","7.0","126477084"
"Psycho","20000000","2","4","105","4.6","21456130"
"Pulp Fiction","8000000","14","4","154","8.9","107928762"
"Punch-Drunk Love","25000000","5","4","95","7.3","17844216"
"Puss in Boots","130000000","13","2","90","6.7","149260504"
"Quartet","11000000","5","3","98","6.8","18390117"
"R.I.P.D.","130000000","20","3","96","5.6","33618855"
"Rabbit Hole","5000000","4","3","91","7.0","2229058"
"Race to Witch Mountain","65000000","20","2","98","5.7","67172594"
"Radio Flyer","35000000","4","3","114","6.9","4651977"
"Raising Cain","12000000","14","4","91","5.9","21370057"
"Rambling Rose","7500000","4","4","112","6.7","6266621"
"Rampage","7500000","4","4","97","6.4","796368"
"Rango","135000000","13","2","107","7.3","123477607"
"Ransom","80000000","14","4","121","6.6","136492681"
"Rapa Nui","20000000","20","4","107","6.4","305070"
"Rapid Fire","10000000","20","4","95","6.2","14356479"
"Ray","40000000","11","3","152","7.8","75331600"
"Real Steel","110000000","20","3","127","7.1","85468508"
"RED","58000000","20","3","111","7.1","90380162"
"RED 2","84000000","20","3","116","6.7","53262560"
"Red Dawn","65000000","20","3","93","5.4","44806783"
"Red Dragon","78000000","14","4","124","7.2","93149898"
"Red Eye","25000000","6","3","85","6.5","57891803"
"Red Planet","70000000","20","3","106","5.6","17480890"
"Red Rock West","8000000","14","4","98","7.0","2502551"
"Red Tails","58000000","20","3","125","5.9","49876377"
"Redacted","5000000","14","4","90","6.1","65388"
"Remember the Titans","30000000","11","2","113","7.7","115654751"
"Renaissance Man","40000000","5","3","128","6.1","24332324"
"Reservoir Dogs","1200000","14","4","99","8.4","2832029"
"Resident Evil: Extinction","45000000","20","4","93","6.3","50648679"
"Resident Evil: Retribution","65000000","20","4","96","5.3","42345531"
"Restoration","12000000","11","4","117","6.7","4100000"
"Revelation","1500000","20","3","98","5.2","206755"
"Revolution","28000000","13","3","126","5.2","358574"
"Rich in Love","18000000","4","3","105","6.2","2149735"
"Riddick","38000000","20","4","119","6.4","42025135"
"Ride Along","25000000","20","3","99","6.1","134938200"
"Riding in Cars with Boys","48000000","11","3","132","6.5","30165536"
"Rio","90000000","13","2","96","7.0","143619809"
"Rise of the Guardians","145000000","13","2","97","7.3","103412758"
"Rise of the Planet of the Apes","93000000","20","3","105","7.6","176760185"
"Ri¢hie Ri¢h","40000000","5","2","95","5.2","38087756"
"Road to Perdition","80000000","14","4","117","7.7","104454762"
"Road Trip","15600000","13","4","93","6.5","68540777"
"Rob Roy","28000000","20","4","139","6.9","31600000"
"Robin Hood: Men in Tights","20000000","13","3","104","6.7","35739755"
"RoboCop","100000000","20","3","117","6.3","58607007"
"RoboCop 3","23500000","20","3","104","3.8","10696210"
"Robots","75000000","13","2","91","6.3","128200012"
"Rock of Ages","75000000","5","3","123","5.9","38518613"
"Rock Star","57000000","5","4","105","6.2","17008282"
"Rocky Balboa","24000000","4","2","102","7.2","70270943"
"Role Models","28000000","5","4","99","6.9","67294270"
"Romeo + Juliet","14500000","4","3","120","6.8","46351345"
"Romeo Is Bleeding","11500000","20","4","100","6.6","3275585"
"Romeo Must Die","25000000","20","4","115","6.1","55973336"
"Ronin","55000000","20","4","122","7.3","41616262"
"Roommates","22000000","5","2","108","6.4","12100000"
"Ruby Cairo","24000000","6","3","111","4.9","608866"
"Ruby in Paradise","800000","4","4","114","7.2","1001437"
"Runaway Bride","70000000","5","2","116","5.4","152257509"
"Runner Runner","30000000","14","4","91","5.6","19316646"
"Rush","38000000","20","4","123","8.2","26947624"
"Rush Hour 2","90000000","20","3","90","6.6","226164286"
"Rush Hour 3","140000000","20","3","91","6.2","140125968"
"Rushmore","11000000","5","4","93","7.7","17105219"
"S.W.A.T.","80000000","20","3","117","6.0","116934650"
"Sabrina","58000000","5","2","127","6.2","53672080"
"Safe","1000000","4","4","119","7.1","512245"
"Safe","30000000","20","4","94","6.5","17142080"
"Safe Haven","28000000","4","3","115","6.7","71349120"
"Sahara","130000000","20","3","124","6.0","68671925"
"Saint John of Las Vegas","3800000","5","4","85","5.8","102645"
"Saints and Soldiers","780000","20","3","90","6.8","1310470"
"Saturday Night Fever","3000000","4","4","118","6.8","94213184"
"Savages","45000000","14","4","141","6.5","47382068"
"Save the Last Dance","13000000","4","3","112","6.1","91057006"
"Saving Mr. Banks","35000000","11","3","125","7.6","83301580"
"Saw","1200000","2","5","103","7.7","56000369"
"Saw II","4000000","2","4","95","6.6","87039965"
"Saw III","10000000","2","4","108","6.2","80238724"
"Saw IV","10000000","2","4","96","5.9","63300095"
"Saw V","10800000","2","4","92","5.8","56746769"
"Scary Movie","19000000","5","4","88","6.2","157019771"
"Scary Movie 2","45000000","5","4","83","5.2","71308997"
"Scary Movie 3","48000000","5","3","84","5.4","110003217"
"Scary Movie 5","20000000","5","3","86","3.5","32015787"
"Schindler's List","22000000","11","4","195","8.9","96067179"
"Scream","15000000","2","4","103","7.2","103046663"
"Scream 2","24000000","2","4","120","6.1","101363301"
"Screamers","20000000","20","4","108","6.4","5781885"
"Screen Door Jesus","3000000","5","4","119","5.1","43124"
"Se7en","33000000","4","4","127","8.7","100125643"
"Search and Destroy","4000000","20","4","90","5.2","389731"
"Season of the Witch","40000000","20","3","95","5.4","24827228"
"Secretariat","35000000","4","2","123","7.2","59713955"
"Secretary","4000000","5","4","104","7.1","4059680"
"See No Evil","8000000","2","4","84","5.1","15032800"
"Seed of Chucky","12000000","5","4","87","4.9","17083732"
"Sense and Sensibility","16500000","4","2","131","7.7","43182776"
"Serenity","40000000","20","3","119","8.0","25514517"
"Serial Mom","13000000","5","4","95","6.6","7881335"
"Session 9","1500000","2","4","100","6.5","378176"
"Seven Pounds","55000000","4","3","123","7.7","69951824"
"Seven Years in Tibet","70000000","13","3","136","7.0","37957682"
"Sex and the City 2","100000000","5","4","146","4.2","95347692"
"Sgt. Bilko","39000000","5","2","93","5.7","30356793"
"Shadowlands","22000000","11","2","131","7.4","25842000"
"Shakes the Clown","1400000","5","4","87","5.5","115103"
"Shakespeare in Love","25000000","5","4","123","7.2","100317794"
"Shall We Dance","50000000","5","3","106","6.1","57890460"
"Shallow Grave","2500000","14","4","92","7.4","2881508"
"Shanghai Knights","50000000","20","3","114","6.2","60476872"
"Shanghai Noon","55000000","20","3","110","6.6","56937502"
"Shark Tale","75000000","13","2","90","6.0","160861908"
"Shattered","22000000","14","4","98","6.5","11511031"
"Shattered Glass","6000000","4","3","99","7.2","2220008"
"She's All That","10000000","5","3","95","5.8","63366989"
"Sherlock Holmes","90000000","20","3","128","7.6","209028679"
"Sherlock Holmes: A Game of Shadows","125000000","20","3","129","7.5","186848418"
"Shoot 'Em Up","39000000","20","4","86","6.7","12807139"
"Shooter","61000000","20","4","124","7.2","47003582"
"Showdown in Little Tokyo","8000000","20","4","79","6.0","2275557"
"Showgirls","45000000","4","5","128","4.5","20302961"
"Shrek","60000000","13","2","90","7.9","267665011"
"Side Effects","30000000","14","4","106","7.1","32172757"
"Sideways","12000000","5","4","126","7.6","71503593"
"Signs","72000000","4","3","106","6.7","227966634"
"Silent Fall","30000000","4","4","101","5.9","3180674"
"Silent Hill: Revelation 3D","20000000","2","4","95","5.0","17529157"
"Silver Linings Playbook","21000000","5","4","122","7.8","132092958"
"Simple Men","3000000","14","4","105","7.2","141554"
"Sinister","3000000","2","4","110","6.8","48086903"
"Sister Act","31000000","5","2","100","6.2","139610000"
"Sister Act 2: Back in the Habit","38000000","5","2","107","5.3","57319029"
"Six Degrees of Separation","12000000","5","4","112","6.9","6410676"
"Sky High","35000000","13","2","100","6.2","63946815"
"Slacker","23000","5","4","97","7.1","1228108"
"Sleepers","44000000","14","4","147","7.5","49100000"
"Sleeping with the Enemy","19000000","14","4","99","6.1","101599005"
"Sleepless in Seattle","21000000","5","2","105","6.8","126533006"
"Sleepwalkers","15000000","2","4","91","5.1","30524763"
"Sleepy Hollow","100000000","4","4","105","7.4","101071502"
"Sliver","40000000","4","4","108","4.9","36300000"
"Slow Burn","15500000","4","4","93","5.9","1237615"
"Slumdog Millionaire","15000000","4","4","120","8.0","141319928"
"Small Soldiers","40000000","20","3","108","6.1","54682547"
"Smoke","7000000","5","4","112","7.5","8349430"
"Snakes on a Plane","33000000","20","4","105","5.6","34020814"
"Snitch","15000000","20","3","112","6.5","42930462"
"Snow Dogs","35000000","13","2","99","5.1","81172560"
"So I Married an Axe Murderer","20000000","5","3","93","6.4","11585483"
"Something Borrowed","35000000","5","3","112","5.9","39046489"
"Son of God","22000000","4","3","138","5.5","59700064"
"Son of the Mask","84000000","13","2","94","2.1","17018422"
"Son of the Pink Panther","25000000","5","2","93","3.7","2457574"
"Soul Surfer","18000000","11","2","106","7.1","43853424"
"Source Code","28000000","6","3","93","7.5","54712227"
"South Central","4000000","14","4","99","6.7","1373196"
"Space Cowboys","65000000","20","3","130","6.4","90464773"
"Species","35000000","20","4","108","5.8","60074103"
"Speed","25000000","20","4","116","7.2","121248145"
"Speed 2: Cruise Control","160000000","20","3","121","3.7","48608066"
"Speedway Junky","1000000","14","4","104","5.1","17127"
"Sphere","75000000","4","3","134","6.0","37020277"
"Spice World","25000000","5","2","93","3.3","29342592"
"Split Second","7000000","20","4","90","6.2","5430822"
"Spy Game","92000000","20","4","126","7.0","623627852001"
"Spy Kids","35000000","20","2","88","5.4","112719001"
"Spy Kids 2: Island of Lost Dreams","39000000","20","2","100","5.1","85846429"
"Spy Kids 3-D: Game Over","39000000","20","2","84","4.1","111761982"
"Squanto: A Warrior's Tale","19200000","13","2","102","6.1","3337685"
"Star Trek: Generations","35000000","20","2","118","6.6","75668868"
"Star Trek: Nemesis","60000000","20","3","116","6.4","43254409"
"Star Trek: The Motion Picture","35000000","13","2","132","6.4","82258456"
"Star Trek: The Wrath of Khan","11000000","20","2","113","7.7","78912963"
"Star Wars","11000000","20","2","121","8.7","2200000001977"
"Star Wars: Episode I - The Phantom Menace","115000000","20","2","136","6.6","474544677"
"Star Wars: Episode V - The Empire Strikes Back","18000000","20","2","124","8.8","2904750671997"
"Star Wars: Episode VI - Return of the Jedi","32500000","20","2","134","8.4","2525836171983"
"Star Wars: The Clone Wars","8500000","20","2","98","5.8","35161554"
"Stargate","55000000","20","3","121","7.0","71565669"
"Starship Troopers","100000000","20","4","129","7.2","54814377"
"Starsky & Hutch","60000000","5","3","101","6.1","88237754"
"Stay Alive","9000000","2","3","85","5.0","23086480"
"Steal Big Steal Little","25000000","5","3","113","4.8","6278139"
"Steel","16000000","20","3","97","2.7","1710972"
"Step Brothers","65000000","5","4","98","6.9","100468793"
"Step Up 3D","30000000","4","3","107","6.2","42400223"
"Step Up Revolution","33000000","4","3","99","6.5","35074677"
"Stepmom","50000000","5","3","124","6.6","91137662"
"Stigmata","29000000","2","4","103","6.2","50046268"
"Stone Cold","17000000","20","4","92","5.8","9286314"
"Straight Out of Brooklyn","450000","14","4","79","5.8","2712293"
"Strange Days","42000000","20","4","145","7.2","7919000"
"Street Fighter","35000000","20","3","102","3.7","33423521"
"Street Fighter: The Legend of Chun-Li","50000000","20","3","96","3.7","8742261"
"Striking Distance","30000000","20","4","102","5.8","23798623"
"Stripes","10000000","5","4","106","6.9","85297000"
"Striptease","40000000","5","4","115","4.3","33109743"
"Stuart Little","133000000","13","2","84","5.9","140035367"
"Stuart Little 2","120000000","13","2","77","5.4","64956806"
"Su Qi-er","20000000","20","4","116","6.4","80096"
"Sudden Death","35000000","20","4","111","5.6","20350171"
"Sugar Hill","10000000","4","4","123","5.8","18272447"
"Super 8","50000000","6","3","112","7.1","127004179"
"Super Mario Bros.","42000000","13","2","104","4.0","20915465"
"Superman","55000000","20","2","143","7.3","134218018"
"Superman Returns","209000000","20","3","154","6.1","200081192"
"Surf's Up","85000000","19","2","85","6.8","58867694"
"Survival of the Dead","4000000","2","4","90","5.0","101740"
"Surviving Picasso","16000000","11","4","125","6.3","2002000"
"Surviving the Game","7400000","20","4","96","6.1","7690013"
"Suspect Zero","27000000","14","4","99","5.9","8725813"
"Sweet Home Alabama","38000000","5","3","108","6.1","127223418"
"Swimming with Sharks","700000","5","4","101","7.1","376928"
"Swordfish","80000000","20","4","99","6.5","69772969"
"Sydney","3000000","14","4","102","7.3","222559"
"Sydney White","16500000","5","3","108","6.3","11892415"
"Syriana","50000000","4","4","128","7.0","50824620"
"Taegukgi hwinalrimyeo","12800000","20","4","148","8.2","1111061"
"Takers","20000000","20","3","107","6.2","57744720"
"Tales from the Crypt: Demon Knight","13000000","20","4","92","6.7","21088568"
"Tales from the Hood","6000000","2","4","98","6.1","11797927"
"Tall Tale","32000000","13","2","98","5.8","8247627"
"Talladega Nights: The Ballad of Ricky Bobby","73000000","20","3","122","6.5","148213377"
"Tamara","3500000","17","4","98","5.2","167723"
"Tank Girl","25000000","20","4","104","5.2","4064333"
"Tears of the Sun","70000000","20","4","121","6.6","43734876"
"Ted","50000000","5","4","106","7.0","218815487"
"Teenage Mutant Ninja Turtles III","17000000","20","2","96","4.8","42660000"
"Tequila Body Shots","1700000","5","4","97","3.8","9037"
"Terminal Velocity","50000000","20","3","102","5.4","16478900"
"Terminator 2: Judgment Day","102000000","20","4","137","8.5","204843350"
"Terminator 3: Rise of the Machines","200000000","20","4","109","6.4","150371112"
"Texas Chainsaw 3D","10000000","2","4","92","4.8","34341945"
"That's My Boy","70000000","5","4","116","5.6","36931089"
"The 13th Warrior","85000000","20","4","102","6.6","32698899"
"The 6th Day","82000000","20","3","123","5.9","34604280"
"The Abyss","69500000","13","3","139","7.6","54461047"
"The Adventures of Huck Finn","6500000","13","2","108","6.1","24103594"
"The Adventures of Robin Hood","1900000","20","2","102","8.0","3981000"
"The Adventures of Tintin","130000000","20","2","107","7.4","77591831"
"The Age of Innocence","30000000","4","2","139","7.2","32000000"
"The Air Up There","17080000","5","2","107","5.4","21011500"
"The Alamo","95000000","4","3","137","6.0","22414961"
"The Amazing Spider-Man","230000000","20","3","136","7.1","262030663"
"The Amazing Spider-Man 2","200000000","20","3","142","6.9","202853933"
"The American President","62000000","5","3","114","6.8","65000000"
"The Amityville Horror","19000000","4","4","90","6.0","65233369"
"The Art of War","40000000","20","4","117","5.7","30208599"
"The Artist","15000000","5","3","100","8.0","44671682"
"The Astronaut's Wife","75000000","4","4","109","5.3","10672566"
"The Avengers","220000000","20","3","143","8.2","623357910"
"The Back-up Plan","35000000","5","3","106","5.2","37490007"
"The Beach","50000000","13","4","119","6.6","39785027"
"The Beautician and the Beast","16000000","5","2","105","5.2","11486880"
"The Beaver","21000000","4","3","91","6.7","970816"
"The Best Exotic Marigold Hotel","10000000","5","3","124","7.3","46412041"
"The Best Man","9000000","5","4","120","6.6","34102780"
"The Best Man Holiday","17000000","5","4","123","6.7","70525195"
"The Big Green","12000000","5","2","100","5.4","17725500"
"The Big Lebowski","15000000","5","4","117","8.2","17451873"
"The Birdcage","31000000","5","4","117","6.9","124060553"
"The Black Cauldron","44000000","13","2","80","6.4","21288692"
"The Blair Witch Project","60000","2","4","81","6.4","140539099"
"The Bodyguard","25000000","20","4","129","6.1","121945720"
"The Bone Collector","48000000","14","4","118","6.6","66518655"
"The Bonfire of the Vanities","47000000","5","4","125","5.4","15691192"
"The Book of Eli","80000000","20","4","118","6.9","94835059"
"The Bounty Hunter","40000000","20","3","110","5.5","67061228"
"The Bourne Identity","60000000","20","3","119","7.9","121661683"
"The Boynton Beach Bereavement Club","1500000","5","4","105","6.5","3115393"
"The Brady Bunch Movie","12000000","5","3","90","5.9","46576136"
"The Break-Up","52000000","5","3","106","5.8","118703275"
"The Bridge on the River Kwai","3000000","13","2","161","8.3","56680001964"
"The Bridges of Madison County","35000000","4","3","135","7.5","71516617"
"The Brother from Another Planet","350000","5","4","108","6.8","3700000"
"The Brothers McMullen","25000","5","4","98","6.6","10246600"
"The Bucket List","45000000","13","3","97","7.4","93466502"
"The Butler","30000000","11","3","132","7.1","116632095"
"The Butterfly Effect","13000000","8","4","113","7.7","57938693"
"The Cabin in the Woods","30000000","2","4","95","7.0","42073277"
"The Cable Guy","47000000","5","3","96","6.0","60240295"
"The Call","13000000","14","4","94","6.7","51872378"
"The Cave","30000000","13","3","97","5.1","15007991"
"The Celestine Prophecy","10000000","13","2","99","4.9","617236"
"The Cell","33000000","8","4","107","6.3","61334059"
"The Chamber","50000000","4","4","113","5.9","14551359"
"The Change-Up","52000000","5","4","118","6.4","37081475"
"The Chronicles of Narnia: The Voyage of the Dawn Treader","155000000","13","2","113","6.4","104386950"
"The Chronicles of Riddick","105000000","20","3","119","6.7","57761012"
"The Cider House Rules","24000000","4","3","126","7.4","57545092"
"The Client","45000000","14","3","119","6.7","92115211"
"The Climb","2500000","20","2","98","6.0","78677"
"The Conjuring","20000000","2","4","112","7.5","137400141"
"The Contender","20000000","4","4","126","7.0","17872723"
"The Cowboy Way","35000000","20","3","102","5.7","20277185"
"The Craft","15000000","4","4","101","6.2","24881000"
"The Croods","135000000","13","2","98","7.3","187168425"
"The Crow","15000000","20","4","102","7.6","50693162"
"The Crush","6000000","4","4","89","5.6","13609396"
"The Curious Case of Benjamin Button","150000000","4","3","166","7.8","127509326"
"The Day After Tomorrow","125000000","20","3","124","6.4","186740799"
"The Day the Earth Stood Still","80000000","4","3","104","5.5","79366978"
"The Descendants","20000000","5","4","115","7.4","82584160"
"The Devil Inside","1000000","2","4","83","4.1","53261944"
"The Devil Wears Prada","35000000","5","3","109","6.8","124740460"
"The Devil's Own","90000000","20","4","107","6.1","42868348"
"The Devil's Rejects","7000000","14","4","107","6.9","17044981"
"The Dictator","65000000","5","4","83","6.4","59650222"
"The Dilemma","70000000","5","3","111","5.3","48475290"
"The Doors","38000000","11","4","140","7.2","35183792"
"The Endless Summer 2","3400000","13","2","109","7.6","2155385"
"The Equalizer","55000000","20","4","132","7.2","101530738"
"The Exorcist","8000000","2","4","122","8.0","232906145"
"The Expendables 3","90000000","20","3","126","6.2","39322544"
"The Family","30000000","5","4","111","6.3","36918811"
"The Family Man","60000000","5","3","125","6.7","75793305"
"The Family Stone","17000000","5","3","103","6.3","60062868"
"The Fault in Our Stars","12000000","4","3","126","8.0","124872350"
"The Favor","13000000","5","4","97","5.2","3134081"
"The Final Destination","43000000","2","4","82","5.1","66477700"
"The Firm","42000000","4","4","154","6.8","158348367"
"The First Wives Club","26000000","5","2","103","6.1","105489203"
"The Fisher King","24000000","5","4","137","7.6","41895491"
"The Five-Year Engagement","30000000","5","4","124","6.2","28835528"
"The Flintstones","45000000","5","2","91","4.8","130512915"
"The Flintstones in Viva Rock Vegas","83000000","5","2","90","3.5","35268275"
"The Forbidden Kingdom","55000000","20","3","104","6.6","52075270"
"The Forgotten","42000000","4","3","91","5.8","671335092004"
"The Forsaken","5000000","2","4","90","5.3","7288451"
"The Frighteners","30000000","5","4","110","7.2","16759216"
"The Fugitive","40000000","20","3","130","7.8","183875760"
"The Full Monty","3500000","5","4","91","7.2","45950122"
"The Game","50000000","4","4","129","7.8","48323648"
"The Game Plan","22000000","5","2","110","6.2","90648202"
"The General's Daughter","60000000","4","4","116","6.2","102705852"
"The Ghost and the Darkness","55000000","20","4","109","6.8","38619405"
"The Gift","10000000","4","4","112","6.7","12008642"
"The Girl with the Dragon Tattoo","90000000","14","4","158","7.9","102515793"
"The Glass House","30000000","18","3","106","5.8","18001232"
"The Glimmer Man","45000000","20","4","91","5.3","20100000"
"The Godfather: Part III","54000000","14","4","162","7.6","66676062"
"The Golden Compass","180000000","13","3","113","6.1","70107728"
"The Good Son","17000000","4","4","87","6.3","44594000"
"The Great Gatsby","105000000","4","3","143","7.3","144840419"
"The Green Mile","60000000","14","4","189","8.5","136801374"
"The Grey","25000000","13","4","117","6.8","51580136"
"The Grudge","10000000","2","3","92","5.9","110359362"
"The Grudge 2","20000000","2","3","102","4.9","39143839"
"The Guilt Trip","40000000","5","3","95","5.8","37134215"
"The Gun in Betty Lou's Handbag","13000000","5","3","89","4.9","3721911"
"The Hand That Rocks the Cradle","11700000","4","4","110","6.5","88036683"
"The Hangover Part III","103000000","5","4","100","5.9","112200072"
"The Haunted Mansion","90000000","5","2","99","4.9","75847266"
"The Haunting","80000000","17","3","113","4.8","91411151"
"The Heat","43000000","20","4","117","6.7","159582188"
"The Help","25000000","4","3","146","8.1","169708112"
"The Hills Have Eyes","15000000","2","4","108","6.4","41778863"
"The Hitcher","10000000","20","4","84","5.6","16472961"
"The Horse Whisperer","60000000","4","3","170","6.5","75383563"
"The Host","40000000","13","3","125","5.9","26627201"
"The House of the Spirits","25000000","4","4","140","6.9","6265311"
"The Hudsucker Proxy","30000000","5","2","111","7.3","2869369"
"The Hunger Games","78000000","13","3","142","7.3","408010692"
"The Hunger Games: Catching Fire","130000000","13","3","146","7.7","424668047"
"The Illusionist","16000000","4","3","110","7.6","39868642"
"The Imitation Game","14000000","11","3","114","8.1","90861516"
"The Incredibly True Adventure of Two Girls in Love","250000","5","4","94","6.5","1977544"
"The Indian in the Cupboard","45000000","13","2","96","5.9","35617599"
"The Indian Runner","7000000","4","4","127","7.2","191125"
"The Internship","58000000","5","3","119","6.3","44672764"
"The Interpreter","80000000","6","3","128","6.4","72708161"
"The Iron Lady","13000000","11","3","100","6.4","30017992"
"The Island","126000000","20","3","136","6.9","35818913"
"The Italian Job","60000000","20","3","111","7.0","106128601"
"The Jackal","60000000","20","4","124","6.3","54930280"
"The Joy Luck Club","11000000","4","4","139","7.6","32861136"
"The Judge","50000000","4","4","141","7.5","47119388"
"The Jungle Book","27000000","13","2","111","6.0","44342956"
"The Juror","44000000","4","4","118","5.5","22754725"
"The Kid","60000000","5","2","104","6.0","69691949"
"The Kids Are All Right","3500000","5","4","106","7.1","20811365"
"The King's Speech","15000000","11","3","118","8.1","138797449"
"The Lake House","40000000","4","2","99","6.8","52330111"
"The Last Boy Scout","29000000","20","4","105","6.9","59509925"
"The Last of the Mohicans","40000000","20","4","117","7.8","75505856"
"The Last Picture Show","1300000","4","4","118","8.1","29133000"
"The Last Seduction","2500000","14","4","110","7.1","6138485"
"The Last Song","20000000","4","2","107","5.8","62950384"
"The Last Stand","30000000","20","4","107","6.4","12050299"
"The Lawnmower Man","10000000","2","4","107","5.3","32101000"
"The League of Extraordinary Gentlemen","78000000","20","3","110","5.8","66465204"
"The Legend of Zorro","75000000","20","2","129","5.9","46464023"
"The Lego Movie","60000000","13","2","100","7.8","257760692"
"The Lincoln Lawyer","40000000","14","4","118","7.3","58009200"
"The Lookout","16000000","14","4","99","7.1","4600585"
"The Lorax","70000000","19","2","86","6.5","214030500"
"The Lost World: Jurassic Park","73000000","20","3","129","6.5","229086679"
"The Lucky One","25000000","4","3","101","6.5","60457138"
"The Man in the Iron Mask","35000000","20","3","132","6.4","56968902"
"The Marrying Man","26000000","5","4","115","5.6","12454768"
"The Mask","18000000","5","3","101","6.8","119938730"
"The Mask of Zorro","65000000","20","3","136","6.7","94095523"
"The Master","32000000","4","4","144","7.1","16377274"
"The Matrix","63000000","20","4","136","8.7","171479930"
"The Matrix Revolutions","110000000","20","4","129","6.7","139313948"
"The Maze Runner","34000000","20","3","113","6.9","102427862"
"The Mechanic","40000000","20","4","93","6.6","29121498"
"The Merchant of Venice","30000000","4","4","138","7.1","3765585"
"The Meteor Man","30000000","20","2","100","4.9","8023147"
"The Midnight Meat Train","15000000","2","4","98","6.2","83361"
"The Mighty Ducks","10000000","20","2","100","6.4","50752337"
"The Missing","60000000","13","4","137","6.5","270111802004"
"The Mist","18000000","2","4","126","7.2","25593755"
"The Monuments Men","70000000","4","3","118","6.1","78031620"
"The Mortal Instruments: City of Bones","60000000","20","3","130","6.0","31165421"
"The Mothman Prophecies","32000000","4","3","119","6.5","35746370"
"The Mummy Returns","98000000","20","3","130","6.3","202019785"
"The Muppets","45000000","5","2","103","7.2","88631237"
"The Net","22000000","20","3","114","5.8","50727965"
"The Next Best Thing","25000000","5","3","108","4.6","14990582"
"The Next Three Days","35000000","14","3","133","7.4","21148651"
"The Night Flier","1000000","17","4","94","5.9","125397"
"The Nightmare Before Christmas","18000000","19","2","76","8.0","50003043"
"The Nutty Professor","54000000","5","3","95","5.5","128814019"
"The Omega Code","7500000","20","3","100","3.5","12614346"
"The Omen","25000000","2","4","105","5.5","54607383"
"The Opposite of Sex","5000000","5","4","105","6.5","5881367"
"The Opposite Sex and How to Live with Them","3000000","5","4","86","4.9","690966"
"The Other Guys","100000000","20","3","107","6.6","119219978"
"The Other Side of Heaven","7000000","13","2","113","6.5","4720371"
"The Other Woman","40000000","5","3","109","6.0","83911193"
"The Others","17000000","2","3","101","7.6","96522687"
"The Outsiders","10000000","14","3","91","7.2","25600000"
"The Pacifier","56000000","20","2","95","5.5","113086868"
"The Pallbearer","8000000","5","3","98","4.9","56563881996"
"The Patriot","110000000","20","4","175","7.1","113330342"
"The Peacemaker","50000000","20","4","124","5.9","41263140"
"The Pelican Brief","45000000","20","3","141","6.5","100768056"
"The People Under the Stairs","6000000","5","4","102","6.3","24204154"
"The Perez Family","11000000","5","4","113","6.1","2832826"
"The Perfect Storm","140000000","20","3","130","6.4","182618434"
"The Phantom of the Opera","70000000","4","3","143","7.4","51268815"
"The Piano","7000000","4","4","121","7.6","40158000"
"The Pink Panther","65000000","13","2","93","5.6","82226474"
"The Pirates! In an Adventure with Scientists!","55000000","13","2","88","6.7","31051126"
"The Pit and the Pendulum","2000000","2","4","97","6.2","3331"
"The Player","8000000","5","4","124","7.7","21706100"
"The Possession","14000000","2","3","92","5.9","49130154"
"The Postman","80000000","20","4","177","5.9","17626234"
"The Preacher's Wife","40000000","5","2","123","5.4","48102795"
"The Prince of Tides","30000000","4","4","132","6.7","74787599"
"The Prophecy","8000000","20","4","98","6.6","16115878"
"The Proposal","40000000","5","3","108","6.7","163958031"
"The Purge","3000000","2","4","85","5.6","64473115"
"The Pursuit of Happyness","55000000","11","3","117","7.9","163566459"
"The Quick and the Dead","32000000","20","4","107","6.4","18636537"
"The Rage: Carrie 2","21000000","2","4","104","4.6","177627051999"
"The Ref","11000000","5","4","93","6.9","11439193"
"The Relic","40000000","2","4","110","5.7","33956608"
"The Remains of the Day","11500000","4","2","134","7.9","22954968"
"The Ring","48000000","2","3","115","7.1","129128133"
"The River Wild","45000000","20","3","108","6.3","468163431995"
"The Road to Wellville","25000000","5","4","118","5.7","6507514"
"The Rock","70000000","20","4","136","7.4","134069511"
"The Room","6000000","4","4","99","3.5","19002003"
"The Royal Tenenbaums","21000000","5","4","110","7.6","52364010"
"The Saint","68000000","20","3","116","6.2","613633041997"
"The Santa Clause","22000000","5","2","97","6.3","144833357"
"The Scarlet Letter","50000000","4","4","135","5.1","10400000"
"The School of Rock","35000000","5","3","108","7.1","81261177"
"The Scorpion King","60000000","20","3","92","5.5","91047077"
"The Secret Agent","7000000","4","4","95","5.8","106606"
"The Secret Life of Walter Mitty","90000000","13","2","114","7.4","58236838"
"The Shadow","25000000","20","3","93","5.9","32055248"
"The Shaggy Dog","50000000","5","2","98","4.4","61123569"
"The Shipping News","35000000","4","4","111","6.8","11434216"
"The Siege","70000000","20","4","116","6.3","40981289"
"The Simpsons Movie","75000000","13","3","87","7.4","183135014"
"The Sixth Sense","40000000","4","3","107","8.2","293506292"
"The Smurfs","110000000","13","2","103","5.5","142614158"
"The Smurfs 2","105000000","13","2","105","5.4","71017784"
"The Social Network","40000000","11","3","120","7.8","96962694"
"The Sorcerer's Apprentice","150000000","20","2","109","6.2","63150991"
"The Specialist","45000000","20","4","110","5.4","57362581"
"The Spiderwick Chronicles","90000000","13","2","107","6.6","71195053"
"The SpongeBob SquarePants Movie","30000000","13","2","87","7.0","85417988"
"The Stars Fell on Henrietta","13000000","4","2","109","6.5","99318"
"The Stepford Wives","90000000","5","3","93","5.2","59484742"
"The Strangers","10000000","2","4","88","6.2","52597610"
"The Sum of All Fears","68000000","20","3","124","6.4","118907036"
"The Super","22000000","5","4","84","5.4","11000863"
"The Taking of Beverly Hills","19000000","20","4","96","4.7","939277"
"The Taking of Pelham 1 2 3","100000000","20","4","106","6.4","65452312"
"The Talented Mr. Ripley","40000000","4","4","139","7.3","81298265"
"The Temp","15000000","4","4","99","5.1","6419876"
"The Tempest","20000000","5","3","110","5.4","277943"
"The Ten Commandments","10000000","19","2","88","2.8","952820"
"The Terminal","60000000","5","3","128","7.3","778728832004"
"The Texas Chainsaw Massacre","9200000","2","4","98","6.2","80571655"
"The Texas Chainsaw Massacre: The Beginning","16000000","2","4","96","5.9","39517763"
"The Thin Red Line","52000000","4","4","170","7.6","36400491"
"The Thing Called Love","14000000","4","3","116","6.4","1029721"
"The Three Musketeers","30000000","20","2","105","6.3","53898845"
"The Three Musketeers","75000000","20","3","110","5.8","20377913"
"The Time Traveler's Wife","39000000","4","3","107","7.1","63414846"
"The Town","37000000","14","4","125","7.6","92186262"
"The Truman Show","60000000","4","2","103","8.1","125618201"
"The Tuxedo","60000000","20","3","98","5.2","50547998"
"The Ugly Truth","38000000","5","4","96","6.5","88915214"
"The Usual Suspects","6000000","14","4","106","8.7","23272306"
"The Village","60000000","4","3","108","6.5","114197520"
"The Watch","68000000","5","4","102","5.7","35353000"
"The Waterboy","20000000","5","3","90","6.0","161491646"
"The Waterdance","2700000","4","4","106","6.9","1723319"
"The Way of the Gun","21000000","20","4","119","6.7","6055661"
"The Weather Man","22000000","5","4","102","6.7","12482775"
"The Wedding Singer","18000000","5","3","95","6.8","80245725"
"The Wild Thornberrys Movie","35000000","13","2","85","5.1","40108697"
"The Wolf of Wall Street","100000000","11","4","180","8.2","116900694"
"The Wolfman","150000000","4","4","119","5.8","61979680"
"The Wolverine","120000000","20","3","126","6.7","132556852"
"The Woman in Black","17000000","4","3","95","6.5","54333290"
"The Women","16500000","5","3","114","4.9","26902075"
"The Work and the Glory","7500000","4","2","110","6.8","3347647"
"The Work and the Glory II: American Zion","6500000","4","3","100","6.5","2025032"
"The Work and the Glory III: A House Divided","6500000","4","2","89","6.4","1325092"
"The World Is Not Enough","135000000","20","3","128","6.4","126943684"
"The World's End","28000000","20","4","109","7.0","26004851"
"The X Files","66000000","6","3","121","6.9","83898313"
"The Young Victoria","35000000","11","2","105","7.3","11001272"
"Thelma & Louise","16500000","13","4","130","7.4","45361000"
"There Goes My Baby","10500000","5","4","99","6.3","123509"
"There's Something About Mary","23000000","5","4","119","7.1","176484651"
"They","17000000","2","3","89","4.8","12840842"
"Things to Do in Denver When You're Dead","7000000","14","4","115","6.8","529766"
"Things We Lost in the Fire","16000000","4","4","118","7.2","3287315"
"Think Like a Man","12000000","5","3","122","6.6","91547205"
"Think Like a Man Too","24000000","5","3","106","5.7","65182182"
"Thirteen Conversations About One Thing","4500000","4","4","104","7.1","3288164"
"This Is 40","35000000","5","4","134","6.2","67544505"
"This Is It","60000000","1","2","111","7.3","72091016"
"This Is the End","32000000","5","4","107","6.7","101470202"
"Thor: The Dark World","170000000","20","3","112","7.1","206362140"
"Thr3e","2400000","4","3","101","5.0","1008849"
"Three Kings","48000000","20","4","114","7.2","60652036"
"Thunderheart","15000000","14","4","119","6.8","226607581992"
"THX 1138","777000","8","4","86","6.8","2437000"
"Time Changer","825000","4","2","95","5.6","1284142"
"Timebomb","6000000","20","4","96","5.5","64562"
"Timecop","27000000","20","4","99","5.8","44853581"
"Timeline","80000000","20","3","116","5.6","19481943"
"TMNT","34000000","20","2","87","6.4","54149098"
"To Catch a Thief","2500000","6","2","106","7.5","8750000"
"To Die For","20000000","5","4","106","6.8","21284514"
"Tombstone","25000000","20","4","130","7.8","565050651994"
"Tooth Fairy","48000000","5","2","101","5.0","60022256"
"Top Dog","6000000","20","3","86","4.0","5093707"
"Torque","40000000","20","3","84","3.9","21215059"
"Total Recall","125000000","20","3","118","6.3","58877969"
"Tower Heist","75000000","20","3","104","6.2","78046570"
"Town & Country","90000000","5","4","104","4.3","6719973"
"Traffic","48000000","14","4","147","7.7","124115725"
"Training Day","45000000","14","4","122","7.7","65500300"
"Transformers","150000000","20","3","144","7.2","319071806"
"Transformers: Age of Extinction","210000000","20","3","165","5.8","245439076"
"Treasure Planet","140000000","13","2","95","7.0","38176783"
"Trees Lounge","1300000","5","4","95","7.2","695229"
"Trojan War","15000000","5","3","84","5.6","309"
"Tropic Thunder","92000000","20","4","107","7.0","110515313"
"True Identity","15000000","5","4","93","5.1","4693236"
"True Lies","115000000","20","4","141","7.2","146282411"
"True Romance","13000000","14","4","120","8.0","12281500"
"Trust","700000","5","4","107","7.7","356122"
"Trust","9500000","14","4","106","7.0","120016"
"Turbo","135000000","13","2","96","6.5","83028128"
"Twelve Monkeys","29000000","6","4","129","8.1","57141459"
"Twin Peaks: Fire Walk with Me","10000000","6","4","135","7.2","4160851"
"Twister","92000000","20","3","113","6.2","241721524"
"Two Weeks Notice","60000000","5","3","101","6.0","93354851"
"U.S. Marshals","60000000","20","3","131","6.5","57167405"
"Ultimo tango a Parigi","1250000","4","5","127","7.2","36144824"
"Unbreakable","75000000","4","3","106","7.2","95011339"
"Under Siege","35000000","20","4","103","6.4","83363139"
"Under Siege 2: Dark Territory","60000000","20","4","100","5.4","50024083"
"Underneath","6500000","14","4","99","6.3","536023"
"Underworld","22000000","20","4","121","7.0","51970690"
"Undiscovered","9000000","5","3","97","4.2","1069318"
"Unfaithful","50000000","4","4","124","6.7","52801000"
"Unforgettable","18000000","6","4","117","5.9","2780278"
"Unforgiven","14400000","22","4","131","8.3","101157447"
"United 93","15000000","20","4","111","7.6","31483450"
"Universal Soldier","23000000","20","4","84","5.9","36299898"
"Universal Soldier: Day of Reckoning","11500000","20","4","114","5.0","5460"
"Unknown","30000000","20","3","113","6.9","63686397"
"Unmade Beds","1000000","5","4","95","7.0","250000"
"Up Close & Personal","60000000","4","3","124","6.0","51088705"
"Up in the Air","25000000","4","4","108","7.5","83823381"
"Urban Legend","14000000","2","4","99","5.4","38072438"
"Urbania","225000","4","4","103","7.0","1032075"
"Utomlyonnye solntsem","2800000","4","4","135","8.0","2616503"
"Vacancy","19000000","2","4","85","6.2","19363565"
"Valentine's Day","52000000","5","3","125","5.8","110485654"
"Valley of the Dolls","5000000","4","3","123","5.8","44432255"
"Vampire in Brooklyn","20000000","5","4","100","4.4","19751736"
"Vanity Fair","23000000","4","3","141","6.2","16136476"
"Vertical Limit","75000000","20","3","124","5.8","69243859"
"Village of the Damned","22000000","2","4","99","5.6","9417567"
"Virgin","50000","4","4","114","5.5","9614"
"Virtuosity","30000000","20","4","106","5.5","24048000"
"Volcano","90000000","20","3","104","5.4","49323468"
"W.E.","15000000","4","4","119","6.1","583455"
"Waiting for Guffman","4000000","5","4","84","7.6","2923982"
"Waiting to Exhale","16000000","5","4","124","5.6","67052156"
"Waiting...","3000000","5","4","94","6.8","16124543"
"Walking and Talking","1000000","5","4","86","6.8","12972651996"
"Walking with Dinosaurs 3D","80000000","13","2","87","5.2","36076121"
"Wanted","75000000","20","4","110","6.7","134508551"
"War and Peace","6000000","4","2","208","6.8","12500000"
"War of the Worlds","132000000","13","3","116","6.5","234280354"
"War, Inc.","10000000","20","4","107","5.7","580862"
"Warlock: The Armageddon","3000000","17","4","98","5.2","3902679"
"Warm Bodies","35000000","5","3","98","6.9","66380662"
"Water for Elephants","38000000","4","3","120","7.0","58709717"
"Waterland","10000000","4","4","95","6.7","1034287"
"Waterworld","175000000","20","3","135","6.1","88246220"
"Wayne's World","20000000","5","3","94","7.0","121697350"
"Wayne's World 2","40000000","5","3","95","6.1","48197805"
"We Are Marshall","65000000","4","2","131","7.1","43545364"
"We're the Millers","37000000","5","4","110","7.1","150394119"
"Welcome to the Dollhouse","800000","5","4","88","7.4","4771000"
"What Dreams May Come","85000000","4","3","113","7.0","55485043"
"What Happens in Vegas","35000000","5","3","101","6.1","80277646"
"What to Expect When You're Expecting","40000000","5","3","110","5.7","41152203"
"What Women Want","70000000","5","3","127","6.4","182811707"
"What's Eating Gilbert Grape","11000000","4","3","118","7.8","9170214"
"Where the Day Takes You","3000000","14","4","105","6.8","390152"
"Where the Wild Things Are","100000000","13","2","101","6.8","77233467"
"While You Were Sleeping","17000000","5","2","103","6.6","81057016"
"White House Down","150000000","20","3","131","6.4","73103784"
"White Man's Burden","7000000","4","4","89","5.2","3760515"
"White Noise","10000000","4","3","101","5.5","56386759"
"White Squall","38000000","13","3","129","6.6","10300000"
"Why Did I Get Married Too?","20000000","5","3","121","4.3","60095852"
"Wild Bill","30000000","20","4","98","5.9","2167808"
"Wild Wild West","170000000","20","3","106","4.8","113805681"
"Willard","22000000","4","3","100","6.1","6886089"
"Wind","29000000","20","3","126","6.4","5519569"
"Windtalkers","115000000","20","4","134","6.0","40914068"
"Wo hu cang long","15000000","20","3","120","7.9","128078872"
"Wolf","70000000","4","4","125","6.2","65012000"
"Wolf Creek","1000000","2","4","104","6.3","16188180"
"Wonderland","5000000","14","4","104","6.6","10605122003"
"Wreck-It Ralph","165000000","13","2","101","7.8","189422889"
"Wyatt Earp","63000000","20","3","212","6.6","25052000"
"X-Men","75000000","20","3","104","7.4","157299717"
"X-Men: Days of Future Past","200000000","20","3","131","8.1","233921534"
"X-Men: First Class","160000000","20","3","132","7.8","146408305"
"X-Men: The Last Stand","210000000","20","3","104","6.8","234362462"
"X2","110000000","20","3","134","7.5","214949694"
"Xi yan","1000000","5","4","106","7.7","6933459"
"xXx: State of the Union","87000000","20","3","101","4.3","26873932"
"Ying xiong","31000000","20","3","99","7.9","53710019"
"Yogi Bear","80000000","13","2","80","4.5","100246011"
"Yonkers Joe","5000000","4","4","101","6.4","10000000"
"You Again","20000000","5","2","105","5.8","25702053"
"You Don't Mess with the Zohan","90000000","20","3","113","5.5","100018837"
"You've Got Mail","65000000","5","2","119","6.5","115821495"
"Zathura: A Space Adventure","65000000","20","2","101","6.1","29258869"
"Zombieland","23600000","5","4","88","7.7","75590286"
"Zookeeper","80000000","5","2","102","5.2","80360843"
"Zoolander","28000000","5","3","89","6.6","45172250"
